"","timestamp","rain"
"5994",2018-10-05 03:53:00,1e-04
"6834",2018-10-05 17:53:00,1e-04
"6894",2018-10-05 18:53:00,0.04
"12294",2018-10-09 12:53:00,0.02
"12414",2018-10-09 14:53:00,1e-04
"14214",2018-10-10 20:53:00,0.01
"14274",2018-10-10 21:53:00,1e-04
"14394",2018-10-10 23:53:00,1e-04
"14454",2018-10-11 00:53:00,0.12
"14994",2018-10-11 09:53:00,0.01
"15054",2018-10-11 10:53:00,1e-04
"15114",2018-10-11 11:53:00,0.01
"15174",2018-10-11 12:53:00,0.01
"15234",2018-10-11 13:53:00,0.01
"15294",2018-10-11 14:53:00,0.19
"15354",2018-10-11 15:53:00,0.33
"15414",2018-10-11 16:53:00,0.03
"15474",2018-10-11 17:53:00,0.02
"15534",2018-10-11 18:53:00,1e-04
"15594",2018-10-11 19:53:00,0.04
"15654",2018-10-11 20:53:00,0.02
"19434",2018-10-14 11:53:00,1e-04
"19494",2018-10-14 12:53:00,1e-04
"19554",2018-10-14 13:53:00,1e-04
"19614",2018-10-14 14:53:00,1e-04
"20334",2018-10-15 02:53:00,1e-04
"20394",2018-10-15 03:53:00,1e-04
"20694",2018-10-15 08:53:00,1e-04
"22854",2018-10-16 20:53:00,1e-04
"22914",2018-10-16 21:53:00,1e-04
"22974",2018-10-16 22:53:00,1e-04
"23274",2018-10-17 03:53:00,0.01
"23334",2018-10-17 04:53:00,0.02
"27474",2018-10-20 01:53:00,1e-04
"27534",2018-10-20 02:53:00,0.03
"27594",2018-10-20 03:53:00,0.02
"28074",2018-10-20 11:53:00,0.01
"28134",2018-10-20 12:53:00,0.04
"28194",2018-10-20 13:53:00,1e-04
"28254",2018-10-20 14:53:00,0.01
"28314",2018-10-20 15:53:00,1e-04
"36414",2018-10-26 06:53:00,0.02
"36474",2018-10-26 07:53:00,0.13
"36534",2018-10-26 08:53:00,0.03
"36594",2018-10-26 09:53:00,0.07
"36654",2018-10-26 10:53:00,0.1
"36714",2018-10-26 11:53:00,0.02
"36774",2018-10-26 12:53:00,0.03
"36834",2018-10-26 13:53:00,0.03
"36894",2018-10-26 14:53:00,0.07
"36954",2018-10-26 15:53:00,0.1
"37014",2018-10-26 16:53:00,0.17
"37074",2018-10-26 17:53:00,0.18
"37134",2018-10-26 18:53:00,0.03
"37194",2018-10-26 19:53:00,0.1
"37254",2018-10-26 20:53:00,0.13
"37314",2018-10-26 21:53:00,0.06
"37374",2018-10-26 22:53:00,1e-04
"37434",2018-10-26 23:53:00,1e-04
"40314",2018-10-28 23:53:00,1e-04
"45834",2018-11-01 19:53:00,0.02
"46434",2018-11-02 05:53:00,1e-04
"46494",2018-11-02 06:53:00,1e-04
"47154",2018-11-02 17:53:00,1e-04
"47394",2018-11-02 21:53:00,0.09
"47454",2018-11-02 22:53:00,0.02
"47514",2018-11-02 23:53:00,0.08
"50454",2018-11-05 00:53:00,0.07
"50514",2018-11-05 01:53:00,0.06
"50574",2018-11-05 02:53:00,1e-04
"50634",2018-11-05 03:53:00,0.01
"50814",2018-11-05 06:53:00,0.03
"50874",2018-11-05 07:53:00,0.15
"50934",2018-11-05 08:53:00,0.04
"50994",2018-11-05 09:53:00,1e-04
"51054",2018-11-05 10:53:00,1e-04
"52674",2018-11-06 13:53:00,1e-04
"52794",2018-11-06 15:53:00,0.01
"52854",2018-11-06 16:53:00,0.04
"52914",2018-11-06 17:53:00,0.01
"54834",2018-11-08 01:53:00,1e-04
"54894",2018-11-08 02:53:00,0.01
"54954",2018-11-08 03:53:00,0.01
"56454",2018-11-09 04:53:00,1e-04
"56514",2018-11-09 05:53:00,1e-04
"56574",2018-11-09 06:53:00,0.01
"56634",2018-11-09 07:53:00,1e-04
"56694",2018-11-09 08:53:00,0.01
"56754",2018-11-09 09:53:00,0.01
"56814",2018-11-09 10:53:00,0.01
"56874",2018-11-09 11:53:00,1e-04
"56934",2018-11-09 12:53:00,1e-04
"57234",2018-11-09 17:53:00,1e-04
"57294",2018-11-09 18:53:00,0.01
"57354",2018-11-09 19:53:00,0.02
"61194",2018-11-12 11:53:00,1e-04
"61254",2018-11-12 12:53:00,1e-04
"61314",2018-11-12 13:53:00,0.05
"61374",2018-11-12 14:53:00,0.11
"61434",2018-11-12 15:53:00,0.08
"61494",2018-11-12 16:53:00,0.06
"61554",2018-11-12 17:53:00,0.04
"61614",2018-11-12 18:53:00,0.05
"61674",2018-11-12 19:53:00,0.05
"61734",2018-11-12 20:53:00,0.06
"61794",2018-11-12 21:53:00,0.04
"61854",2018-11-12 22:53:00,0.05
"61914",2018-11-12 23:53:00,0.04
"61974",2018-11-13 00:53:00,0.03
"62094",2018-11-13 02:53:00,0.04
"62154",2018-11-13 03:53:00,0.05
"62274",2018-11-13 05:53:00,0.02
"62634",2018-11-13 11:53:00,1e-04
"62694",2018-11-13 12:53:00,0.04
"62754",2018-11-13 13:53:00,0.03
"62814",2018-11-13 14:53:00,0.02
"62874",2018-11-13 15:53:00,0.02
"62934",2018-11-13 16:53:00,0.02
"62994",2018-11-13 17:53:00,0.02
"63054",2018-11-13 18:53:00,0.01
"63114",2018-11-13 19:53:00,0.01
"63174",2018-11-13 20:53:00,0.01
"63234",2018-11-13 21:53:00,0.01
"63294",2018-11-13 22:53:00,0.01
"63354",2018-11-13 23:53:00,1e-04
"63414",2018-11-14 00:53:00,0.01
"63534",2018-11-14 02:53:00,0.01
"63594",2018-11-14 03:53:00,1e-04
"63654",2018-11-14 04:53:00,1e-04
"63714",2018-11-14 05:53:00,0.01
"64074",2018-11-14 11:53:00,0.01
"64134",2018-11-14 12:53:00,1e-04
"64314",2018-11-14 15:53:00,1e-04
"64374",2018-11-14 16:53:00,1e-04
"64674",2018-11-14 21:53:00,1e-04
"64734",2018-11-14 22:53:00,1e-04
"64854",2018-11-15 00:53:00,1e-04
"64914",2018-11-15 01:53:00,1e-04
"64974",2018-11-15 02:53:00,1e-04
"65034",2018-11-15 03:53:00,1e-04
"65094",2018-11-15 04:53:00,1e-04
"65154",2018-11-15 05:53:00,0.01
"65214",2018-11-15 06:53:00,1e-04
"65274",2018-11-15 07:53:00,1e-04
"65334",2018-11-15 08:53:00,1e-04
"65394",2018-11-15 09:53:00,1e-04
"65754",2018-11-15 15:53:00,1e-04
"70794",2018-11-19 03:53:00,1e-04
"70854",2018-11-19 04:53:00,1e-04
"70914",2018-11-19 05:53:00,0.01
"70974",2018-11-19 06:53:00,1e-04
"78234",2018-11-24 07:53:00,1e-04
"78294",2018-11-24 08:53:00,1e-04
"81174",2018-11-26 08:53:00,1e-04
"81234",2018-11-26 09:53:00,0.01
"81294",2018-11-26 10:53:00,0.01
"86634",2018-11-30 03:53:00,1e-04
"86694",2018-11-30 04:53:00,1e-04
"86754",2018-11-30 05:53:00,1e-04
"86814",2018-11-30 06:53:00,0.01
"88134",2018-12-01 04:53:00,1e-04
"88734",2018-12-01 14:53:00,0.04
"88794",2018-12-01 15:53:00,0.02
"88854",2018-12-01 16:53:00,0.01
"88914",2018-12-01 17:53:00,0.04
"88974",2018-12-01 18:53:00,0.07
"89034",2018-12-01 19:53:00,0.07
"89094",2018-12-01 20:53:00,0.16
"89154",2018-12-01 21:53:00,0.19
"89214",2018-12-01 22:53:00,0.16
"89274",2018-12-01 23:53:00,0.02
"89334",2018-12-02 00:53:00,0.01
"94434",2018-12-05 13:53:00,1e-04
"99474",2018-12-09 01:53:00,1e-04
"99534",2018-12-09 02:53:00,0.01
"99594",2018-12-09 03:53:00,0.05
"99654",2018-12-09 04:53:00,0.09
"99714",2018-12-09 05:53:00,0.09
"99774",2018-12-09 06:53:00,0.05
"99834",2018-12-09 07:53:00,0.06
"99894",2018-12-09 08:53:00,0.07
"99954",2018-12-09 09:53:00,0.05
"100014",2018-12-09 10:53:00,0.09
"100074",2018-12-09 11:53:00,0.07
"100134",2018-12-09 12:53:00,0.09
"100194",2018-12-09 13:53:00,0.07
"100254",2018-12-09 14:53:00,0.11
"100314",2018-12-09 15:53:00,0.09
"100374",2018-12-09 16:53:00,0.17
"100434",2018-12-09 17:53:00,0.02
"100494",2018-12-09 18:53:00,0.01
"100554",2018-12-09 19:53:00,0.01
"100614",2018-12-09 20:53:00,1e-04
"100794",2018-12-09 23:53:00,0.01
"100854",2018-12-10 00:53:00,1e-04
"100914",2018-12-10 01:53:00,0.01
"100974",2018-12-10 02:53:00,1e-04
"101034",2018-12-10 03:53:00,1e-04
"101094",2018-12-10 04:53:00,1e-04
"101154",2018-12-10 05:53:00,1e-04
"101214",2018-12-10 06:53:00,1e-04
"101274",2018-12-10 07:53:00,0.03
"101334",2018-12-10 08:53:00,1e-04
"101394",2018-12-10 09:53:00,0.02
"101454",2018-12-10 10:53:00,0.06
"101514",2018-12-10 11:53:00,0.01
"101574",2018-12-10 12:53:00,1e-04
"101634",2018-12-10 13:53:00,1e-04
"107094",2018-12-14 08:53:00,1e-04
"107154",2018-12-14 09:53:00,0.02
"107214",2018-12-14 10:53:00,0.03
"107274",2018-12-14 11:53:00,0.01
"107334",2018-12-14 12:53:00,0.02
"107394",2018-12-14 13:53:00,0.02
"107454",2018-12-14 14:53:00,0.03
"107514",2018-12-14 15:53:00,0.03
"107569",2018-12-14 16:48:00,0.1
"107634",2018-12-14 17:53:00,0.13
"107694",2018-12-14 18:53:00,0.07
"107754",2018-12-14 19:53:00,0.08
"107814",2018-12-14 20:53:00,0.13
"107874",2018-12-14 21:53:00,0.1
"107934",2018-12-14 22:53:00,0.05
"107994",2018-12-14 23:53:00,0.14
"108054",2018-12-15 00:53:00,0.03
"108114",2018-12-15 01:53:00,1e-04
"108354",2018-12-15 05:53:00,0.03
"108414",2018-12-15 06:53:00,0.01
"108474",2018-12-15 07:53:00,0.02
"108534",2018-12-15 08:53:00,0.02
"108594",2018-12-15 09:53:00,1e-04
"108654",2018-12-15 10:53:00,0.02
"108714",2018-12-15 11:53:00,0.01
"108954",2018-12-15 15:53:00,0.01
"109014",2018-12-15 16:53:00,0.01
"115674",2018-12-20 07:53:00,1e-04
"115734",2018-12-20 08:53:00,1e-04
"115914",2018-12-20 11:53:00,1e-04
"115974",2018-12-20 12:53:00,0.03
"116034",2018-12-20 13:53:00,0.02
"116094",2018-12-20 14:53:00,0.01
"116154",2018-12-20 15:53:00,1e-04
"116214",2018-12-20 16:53:00,0.02
"116274",2018-12-20 17:53:00,0.01
"116334",2018-12-20 18:53:00,1e-04
"116394",2018-12-20 19:53:00,0.01
"116454",2018-12-20 20:53:00,0.01
"116514",2018-12-20 21:53:00,0.01
"116574",2018-12-20 22:53:00,0.01
"116694",2018-12-21 00:53:00,0.01
"116754",2018-12-21 01:53:00,0.01
"116814",2018-12-21 02:53:00,0.02
"116874",2018-12-21 03:53:00,0.01
"116934",2018-12-21 04:53:00,0.01
"116994",2018-12-21 05:53:00,0.01
"117054",2018-12-21 06:53:00,0.01
"117114",2018-12-21 07:53:00,0.01
"117174",2018-12-21 08:53:00,0.01
"117654",2018-12-21 16:53:00,1e-04
"117714",2018-12-21 17:53:00,1e-04
"117894",2018-12-21 20:53:00,1e-04
"117954",2018-12-21 21:53:00,0.01
"118014",2018-12-21 22:53:00,1e-04
"120714",2018-12-23 19:53:00,1e-04
"120774",2018-12-23 20:53:00,1e-04
"126534",2018-12-27 20:53:00,1e-04
"126654",2018-12-27 22:53:00,1e-04
"126714",2018-12-27 23:53:00,1e-04
"127314",2018-12-28 09:53:00,0.01
"127434",2018-12-28 11:53:00,0.08
"127494",2018-12-28 12:53:00,0.22
"127554",2018-12-28 13:53:00,1e-04
"127614",2018-12-28 14:53:00,1e-04
"127734",2018-12-28 16:53:00,0.04
"127794",2018-12-28 17:53:00,0.21
"127854",2018-12-28 18:53:00,0.15
"127914",2018-12-28 19:53:00,0.05
"127974",2018-12-28 20:53:00,1e-04
"128034",2018-12-28 21:53:00,0.05
"130014",2018-12-30 06:53:00,1e-04
"130074",2018-12-30 07:53:00,0.01
"131454",2018-12-31 06:53:00,1e-04
"131634",2018-12-31 09:53:00,1e-04
"131754",2018-12-31 11:53:00,0.01
"131814",2018-12-31 12:53:00,0.07
"135174",2019-01-02 20:53:00,1e-04
"135234",2019-01-02 21:53:00,1e-04
"135294",2019-01-02 22:53:00,0.02
"135354",2019-01-02 23:53:00,1e-04
"135414",2019-01-03 00:53:00,1e-04
"135474",2019-01-03 01:53:00,1e-04
"135534",2019-01-03 02:53:00,0.02
"135594",2019-01-03 03:53:00,0.01
"135652",2019-01-03 04:51:00,0.01
"135714",2019-01-03 05:53:00,0.03
"135774",2019-01-03 06:53:00,0.02
"135834",2019-01-03 07:53:00,1e-04
"135954",2019-01-03 09:53:00,1e-04
"136134",2019-01-03 12:53:00,1e-04
"136194",2019-01-03 13:53:00,0.01
"136254",2019-01-03 14:53:00,0.01
"137094",2019-01-04 04:53:00,0.01
"137154",2019-01-04 05:53:00,0.01
"137214",2019-01-04 06:53:00,0.04
"137274",2019-01-04 07:53:00,0.04
"137334",2019-01-04 08:53:00,0.05
"137394",2019-01-04 09:53:00,0.04
"137454",2019-01-04 10:53:00,0.02
"137514",2019-01-04 11:53:00,0.01
"137574",2019-01-04 12:53:00,0.05
"137634",2019-01-04 13:53:00,0.03
"137694",2019-01-04 14:53:00,0.02
"137752",2019-01-04 15:51:00,0.05
"137814",2019-01-04 16:53:00,0.05
"137874",2019-01-04 17:53:00,0.04
"137934",2019-01-04 18:53:00,0.07
"137994",2019-01-04 19:53:00,0.06
"138054",2019-01-04 20:53:00,0.01
"138234",2019-01-04 23:53:00,1e-04
"138294",2019-01-05 00:53:00,0.01
"149754",2019-01-12 23:53:00,1e-04
"149814",2019-01-13 00:53:00,0.06
"149874",2019-01-13 01:53:00,0.01
"149934",2019-01-13 02:53:00,0.09
"149994",2019-01-13 03:53:00,0.05
"150054",2019-01-13 04:53:00,0.01
"150114",2019-01-13 05:53:00,0.01
"150174",2019-01-13 06:53:00,0.02
"150234",2019-01-13 07:53:00,0.1
"150294",2019-01-13 08:53:00,0.09
"150354",2019-01-13 09:53:00,0.11
"150414",2019-01-13 10:53:00,0.1
"150474",2019-01-13 11:53:00,0.09
"150534",2019-01-13 12:53:00,0.08
"150594",2019-01-13 13:53:00,0.01
"156654",2019-01-17 18:53:00,1e-04
"156714",2019-01-17 19:53:00,1e-04
"156774",2019-01-17 20:53:00,1e-04
"156834",2019-01-17 21:53:00,1e-04
"156894",2019-01-17 22:53:00,1e-04
"156954",2019-01-17 23:53:00,1e-04
"157254",2019-01-18 04:53:00,1e-04
"159954",2019-01-20 01:53:00,0.01
"160014",2019-01-20 02:53:00,0.07
"160074",2019-01-20 03:53:00,0.04
"160134",2019-01-20 04:53:00,0.2
"160194",2019-01-20 05:53:00,0.05
"160554",2019-01-20 11:53:00,1e-04
"160614",2019-01-20 12:53:00,1e-04
"160674",2019-01-20 13:53:00,1e-04
"165294",2019-01-23 18:53:00,1e-04
"165354",2019-01-23 19:53:00,1e-04
"165774",2019-01-24 02:53:00,0.04
"165834",2019-01-24 03:53:00,0.09
"165894",2019-01-24 04:53:00,1e-04
"165954",2019-01-24 05:53:00,0.06
"166014",2019-01-24 06:53:00,0.03
"166074",2019-01-24 07:53:00,0.32
"166134",2019-01-24 08:53:00,0.08
"166194",2019-01-24 09:53:00,0.05
"166254",2019-01-24 10:53:00,1e-04
"166314",2019-01-24 11:53:00,0.06
"166374",2019-01-24 12:53:00,0.04
"173754",2019-01-29 15:53:00,1e-04
"173814",2019-01-29 16:53:00,0.01
"173874",2019-01-29 17:53:00,0.02
"173934",2019-01-29 18:53:00,0.1
"173994",2019-01-29 19:53:00,0.03
"174054",2019-01-29 20:53:00,0.02
"191394",2019-02-10 21:53:00,1e-04
"191514",2019-02-10 23:53:00,1e-04
"191574",2019-02-11 00:53:00,1e-04
"191634",2019-02-11 01:53:00,1e-04
"191694",2019-02-11 02:53:00,0.01
"191754",2019-02-11 03:53:00,0.01
"191814",2019-02-11 04:53:00,1e-04
"191874",2019-02-11 05:53:00,1e-04
"191934",2019-02-11 06:53:00,1e-04
"191994",2019-02-11 07:53:00,0.02
"192054",2019-02-11 08:53:00,0.02
"192114",2019-02-11 09:53:00,0.06
"192174",2019-02-11 10:53:00,0.12
"192234",2019-02-11 11:53:00,0.18
"192294",2019-02-11 12:53:00,0.05
"192354",2019-02-11 13:53:00,0.03
"192414",2019-02-11 14:53:00,0.06
"192474",2019-02-11 15:53:00,0.03
"192594",2019-02-11 17:53:00,0.01
"192654",2019-02-11 18:53:00,1e-04
"194214",2019-02-12 20:53:00,0.01
"194274",2019-02-12 21:53:00,0.12
"194334",2019-02-12 22:53:00,0.02
"194394",2019-02-12 23:53:00,1e-04
"194454",2019-02-13 00:53:00,0.01
"194514",2019-02-13 01:53:00,1e-04
"194574",2019-02-13 02:53:00,1e-04
"194634",2019-02-13 03:53:00,1e-04
"197574",2019-02-15 04:53:00,1e-04
"198714",2019-02-15 23:53:00,1e-04
"198774",2019-02-16 00:53:00,1e-04
"198894",2019-02-16 02:53:00,1e-04
"199014",2019-02-16 04:53:00,1e-04
"199074",2019-02-16 05:53:00,1e-04
"199134",2019-02-16 06:53:00,0.02
"199194",2019-02-16 07:53:00,0.06
"199254",2019-02-16 08:53:00,0.11
"199314",2019-02-16 09:53:00,0.17
"199374",2019-02-16 10:53:00,0.11
"199434",2019-02-16 11:53:00,0.01
"199494",2019-02-16 12:53:00,0.01
"199554",2019-02-16 13:53:00,1e-04
"199614",2019-02-16 14:53:00,1e-04
"199674",2019-02-16 15:53:00,0.01
"200874",2019-02-17 11:53:00,1e-04
"200934",2019-02-17 12:53:00,1e-04
"200994",2019-02-17 13:53:00,0.08
"201054",2019-02-17 14:53:00,0.03
"201114",2019-02-17 15:53:00,1e-04
"201294",2019-02-17 18:53:00,1e-04
"201354",2019-02-17 19:53:00,0.01
"201414",2019-02-17 20:53:00,0.03
"201474",2019-02-17 21:53:00,0.01
"201534",2019-02-17 22:53:00,0.02
"201594",2019-02-17 23:53:00,0.04
"201654",2019-02-18 00:53:00,0.02
"201714",2019-02-18 01:53:00,0.05
"201774",2019-02-18 02:53:00,0.04
"201834",2019-02-18 03:53:00,0.26
"201894",2019-02-18 04:53:00,0.02
"204234",2019-02-19 19:53:00,1e-04
"204294",2019-02-19 20:53:00,0.04
"204354",2019-02-19 21:53:00,0.08
"204414",2019-02-19 22:53:00,0.05
"204474",2019-02-19 23:53:00,0.01
"204534",2019-02-20 00:53:00,1e-04
"205014",2019-02-20 08:53:00,1e-04
"205074",2019-02-20 09:53:00,0.02
"205134",2019-02-20 10:53:00,0.11
"205194",2019-02-20 11:53:00,1e-04
"205254",2019-02-20 12:53:00,0.09
"205314",2019-02-20 13:53:00,0.06
"205374",2019-02-20 14:53:00,0.04
"205434",2019-02-20 15:53:00,0.04
"205494",2019-02-20 16:53:00,0.02
"205554",2019-02-20 17:53:00,0.01
"205614",2019-02-20 18:53:00,1e-04
"205674",2019-02-20 19:53:00,1e-04
"206274",2019-02-21 05:53:00,0.04
"206514",2019-02-21 09:53:00,0.06
"206574",2019-02-21 10:53:00,0.03
"207474",2019-02-22 01:53:00,0.01
"207534",2019-02-22 02:53:00,0.04
"207594",2019-02-22 03:53:00,0.09
"207654",2019-02-22 04:53:00,0.05
"207714",2019-02-22 05:53:00,0.04
"207774",2019-02-22 06:53:00,0.09
"207834",2019-02-22 07:53:00,0.03
"207894",2019-02-22 08:53:00,0.07
"207954",2019-02-22 09:53:00,0.03
"208014",2019-02-22 10:53:00,0.02
"208074",2019-02-22 11:53:00,0.01
"208134",2019-02-22 12:53:00,1e-04
"208194",2019-02-22 13:53:00,1e-04
"208254",2019-02-22 14:53:00,0.01
"208314",2019-02-22 15:53:00,0.02
"208374",2019-02-22 16:53:00,0.02
"208434",2019-02-22 17:53:00,0.05
"208494",2019-02-22 18:53:00,0.04
"208554",2019-02-22 19:53:00,0.02
"208614",2019-02-22 20:53:00,0.04
"208674",2019-02-22 21:53:00,0.01
"208734",2019-02-22 22:53:00,0.01
"208794",2019-02-22 23:53:00,0.01
"208854",2019-02-23 00:53:00,0.01
"208914",2019-02-23 01:53:00,0.01
"208974",2019-02-23 02:53:00,0.01
"209094",2019-02-23 04:53:00,1e-04
"209154",2019-02-23 05:53:00,0.01
"209214",2019-02-23 06:53:00,1e-04
"209274",2019-02-23 07:53:00,0.05
"209334",2019-02-23 08:53:00,0.04
"209394",2019-02-23 09:53:00,0.15
"209454",2019-02-23 10:53:00,0.06
"209514",2019-02-23 11:53:00,0.01
"209574",2019-02-23 12:53:00,0.02
"209634",2019-02-23 13:53:00,0.01
"209694",2019-02-23 14:53:00,0.04
"209754",2019-02-23 15:53:00,0.02
"209814",2019-02-23 16:53:00,0.02
"209874",2019-02-23 17:53:00,0.03
"209934",2019-02-23 18:53:00,0.06
"209994",2019-02-23 19:53:00,0.08
"210054",2019-02-23 20:53:00,1e-04
"210774",2019-02-24 08:53:00,0.01
"210834",2019-02-24 09:53:00,1e-04
"214854",2019-02-27 04:53:00,1e-04
"214914",2019-02-27 05:53:00,0.01
"214974",2019-02-27 06:53:00,0.1
"215034",2019-02-27 07:53:00,0.16
"215094",2019-02-27 08:53:00,0.04
"215154",2019-02-27 09:53:00,0.05
"215214",2019-02-27 10:53:00,0.02
"215274",2019-02-27 11:53:00,1e-04
"215334",2019-02-27 12:53:00,0.02
"215394",2019-02-27 13:53:00,0.04
"215454",2019-02-27 14:53:00,1e-04
"217434",2019-02-28 23:53:00,1e-04
"217494",2019-03-01 00:53:00,0.02
"217554",2019-03-01 01:53:00,1e-04
"217614",2019-03-01 02:53:00,1e-04
"217674",2019-03-01 03:53:00,1e-04
"217734",2019-03-01 04:53:00,1e-04
"218454",2019-03-01 16:53:00,0.01
"218514",2019-03-01 17:53:00,0.23
"218574",2019-03-01 18:53:00,0.17
"218634",2019-03-01 19:53:00,0.1
"218754",2019-03-01 21:53:00,0.02
"218814",2019-03-01 22:53:00,1e-04
"218874",2019-03-01 23:53:00,1e-04
"219114",2019-03-02 03:53:00,1e-04
"221094",2019-03-03 12:53:00,1e-04
"221154",2019-03-03 13:53:00,1e-04
"221334",2019-03-03 16:53:00,1e-04
"221574",2019-03-03 20:53:00,0.05
"221634",2019-03-03 21:53:00,0.29
"221694",2019-03-03 22:53:00,0.1
"221754",2019-03-03 23:53:00,1e-04
"221814",2019-03-04 00:53:00,0.21
"221874",2019-03-04 01:53:00,0.06
"228414",2019-03-08 14:53:00,1e-04
"228474",2019-03-08 15:53:00,1e-04
"228594",2019-03-08 17:53:00,1e-04
"228654",2019-03-08 18:53:00,0.01
"228714",2019-03-08 19:53:00,0.02
"228774",2019-03-08 20:53:00,1e-04
"230634",2019-03-10 03:53:00,1e-04
"230694",2019-03-10 04:53:00,0.01
"230754",2019-03-10 05:53:00,0.02
"230814",2019-03-10 06:53:00,0.04
"230874",2019-03-10 07:53:00,0.01
"231114",2019-03-10 11:53:00,1e-04
"231174",2019-03-10 12:53:00,1e-04
"245394",2019-03-20 09:53:00,1e-04
"245454",2019-03-20 10:53:00,1e-04
"245514",2019-03-20 11:53:00,1e-04
"245574",2019-03-20 12:53:00,0.01
"245634",2019-03-20 13:53:00,0.02
"245694",2019-03-20 14:53:00,0.02
"245754",2019-03-20 15:53:00,0.01
"245814",2019-03-20 16:53:00,0.01
"245874",2019-03-20 17:53:00,1e-04
"245934",2019-03-20 18:53:00,0.01
"246054",2019-03-20 20:53:00,1e-04
"246114",2019-03-20 21:53:00,0.01
"246174",2019-03-20 22:53:00,0.01
"246234",2019-03-20 23:53:00,0.02
"246294",2019-03-21 00:53:00,0.05
"246354",2019-03-21 01:53:00,0.05
"246414",2019-03-21 02:53:00,0.12
"246474",2019-03-21 03:53:00,0.14
"246534",2019-03-21 04:53:00,0.09
"246594",2019-03-21 05:53:00,0.02
"246654",2019-03-21 06:53:00,1e-04
"246714",2019-03-21 07:53:00,1e-04
"246894",2019-03-21 10:53:00,0.03
"246954",2019-03-21 11:53:00,1e-04
"247014",2019-03-21 12:53:00,1e-04
"247374",2019-03-21 18:53:00,1e-04
"253014",2019-03-25 16:53:00,1e-04
"253074",2019-03-25 17:53:00,1e-04
"253134",2019-03-25 18:53:00,0.03
"253194",2019-03-25 19:53:00,0.08
"253254",2019-03-25 20:53:00,0.05
"253314",2019-03-25 21:53:00,0.03
"253374",2019-03-25 22:53:00,0.04
"253434",2019-03-25 23:53:00,0.03
"253494",2019-03-26 00:53:00,0.02
"253554",2019-03-26 01:53:00,0.01
"253614",2019-03-26 02:53:00,1e-04
"253674",2019-03-26 03:53:00,1e-04
"253734",2019-03-26 04:53:00,1e-04
"253794",2019-03-26 05:53:00,1e-04
"253854",2019-03-26 06:53:00,1e-04
"261354",2019-03-31 11:53:00,1e-04
"261474",2019-03-31 13:53:00,1e-04
"264114",2019-04-02 09:53:00,0.04
"264174",2019-04-02 10:53:00,0.09
"264234",2019-04-02 11:53:00,0.03
"264294",2019-04-02 12:53:00,0.05
"264354",2019-04-02 13:53:00,0.07
"264414",2019-04-02 14:53:00,1e-04
"264474",2019-04-02 15:53:00,0.02
"264534",2019-04-02 16:53:00,0.04
"268434",2019-04-05 09:53:00,1e-04
"268494",2019-04-05 10:53:00,0.04
"268554",2019-04-05 11:53:00,1e-04
"268614",2019-04-05 12:53:00,1e-04
"268674",2019-04-05 13:53:00,1e-04
"268734",2019-04-05 14:53:00,0.03
"268794",2019-04-05 15:53:00,0.02
"268854",2019-04-05 16:53:00,1e-04
"268914",2019-04-05 17:53:00,1e-04
"268974",2019-04-05 18:53:00,1e-04
"269034",2019-04-05 19:53:00,1e-04
"269094",2019-04-05 20:53:00,1e-04
"269334",2019-04-06 00:53:00,0.01
"269454",2019-04-06 02:53:00,1e-04
"269514",2019-04-06 03:53:00,0.09
"269574",2019-04-06 04:53:00,0.1
"269634",2019-04-06 05:53:00,0.05
"269694",2019-04-06 06:53:00,0.01
"269814",2019-04-06 08:53:00,1e-04
"273234",2019-04-08 17:53:00,0.6
"273294",2019-04-08 18:53:00,0.07
"273594",2019-04-08 23:53:00,0.01
"273654",2019-04-09 00:53:00,0.01
"273714",2019-04-09 01:53:00,0.03
"273774",2019-04-09 02:53:00,0.01
"273834",2019-04-09 03:53:00,0.05
"273894",2019-04-09 04:53:00,1e-04
"278514",2019-04-12 09:53:00,1e-04
"278574",2019-04-12 10:53:00,1e-04
"278634",2019-04-12 11:53:00,1e-04
"278694",2019-04-12 12:53:00,0.01
"278754",2019-04-12 13:53:00,0.03
"278814",2019-04-12 14:53:00,1e-04
"279114",2019-04-12 19:53:00,0.04
"279174",2019-04-12 20:53:00,0.26
"279234",2019-04-12 21:53:00,0.02
"279294",2019-04-12 22:53:00,0.01
"279354",2019-04-12 23:53:00,1e-04
"279474",2019-04-13 01:53:00,1e-04
"279534",2019-04-13 02:53:00,0.04
"279594",2019-04-13 03:53:00,0.01
"279654",2019-04-13 04:53:00,1e-04
"279774",2019-04-13 06:53:00,0.01
"279834",2019-04-13 07:53:00,0.07
"279894",2019-04-13 08:53:00,0.01
"279954",2019-04-13 09:53:00,0.63
"280014",2019-04-13 10:53:00,0.24
"280074",2019-04-13 11:53:00,1e-04
"280254",2019-04-13 14:53:00,0.02
"280314",2019-04-13 15:53:00,0.27
"280374",2019-04-13 16:53:00,0.16
"280434",2019-04-13 17:53:00,0.07
"280494",2019-04-13 18:53:00,0.02
"280974",2019-04-14 02:53:00,1e-04
"281754",2019-04-14 15:53:00,0.01
"282354",2019-04-15 01:53:00,0.21
"282414",2019-04-15 02:53:00,1e-04
"288594",2019-04-19 09:53:00,1e-04
"288654",2019-04-19 10:53:00,0.22
"288714",2019-04-19 11:53:00,0.08
"288774",2019-04-19 12:53:00,0.03
"288834",2019-04-19 13:53:00,1e-04
"288894",2019-04-19 14:53:00,0.74
"288954",2019-04-19 15:53:00,0.14
"289074",2019-04-19 17:53:00,0.22
"289134",2019-04-19 18:53:00,0.03
"289194",2019-04-19 19:53:00,0.04
"289254",2019-04-19 20:53:00,1e-04
"289434",2019-04-19 23:53:00,0.02
"289494",2019-04-20 00:53:00,1e-04
"289614",2019-04-20 02:53:00,1e-04
"290514",2019-04-20 17:53:00,1e-04
"290574",2019-04-20 18:53:00,1e-04
"290634",2019-04-20 19:53:00,1e-04
"292014",2019-04-21 18:53:00,1e-04
"292074",2019-04-21 19:53:00,1e-04
"292134",2019-04-21 20:53:00,0.01
"292194",2019-04-21 21:53:00,1e-04
"298674",2019-04-26 09:53:00,0.03
"298914",2019-04-26 13:53:00,1e-04
"299034",2019-04-26 15:53:00,0.36
"299094",2019-04-26 16:53:00,0.01
"299154",2019-04-26 17:53:00,0.02
"301314",2019-04-28 05:53:00,1e-04
"301554",2019-04-28 09:53:00,1e-04
"309474",2019-05-03 21:53:00,1e-04
"310854",2019-05-04 20:53:00,1e-04
"310914",2019-05-04 21:53:00,1e-04
"310974",2019-05-04 22:53:00,1e-04
"311334",2019-05-05 04:53:00,1e-04
"311394",2019-05-05 05:53:00,0.04
"311454",2019-05-05 06:53:00,0.08
"311514",2019-05-05 07:53:00,1e-04
"311994",2019-05-05 15:53:00,1e-04
"312054",2019-05-05 16:53:00,1e-04
"312114",2019-05-05 17:53:00,1e-04
"312174",2019-05-05 18:53:00,1e-04
"319374",2019-05-10 18:53:00,1e-04
"320634",2019-05-11 15:53:00,1e-04
"320814",2019-05-11 18:53:00,0.01
"320874",2019-05-11 19:53:00,1e-04
"320934",2019-05-11 20:53:00,1e-04
"320994",2019-05-11 21:53:00,0.01
"321414",2019-05-12 04:53:00,1e-04
"321474",2019-05-12 05:53:00,0.06
"321654",2019-05-12 08:53:00,1e-04
"321894",2019-05-12 12:53:00,1e-04
"321954",2019-05-12 13:53:00,1e-04
"322794",2019-05-13 03:53:00,0.14
"322854",2019-05-13 04:53:00,0.01
"323034",2019-05-13 07:53:00,1e-04
"323094",2019-05-13 08:53:00,1e-04
"323214",2019-05-13 10:53:00,0.22
"323274",2019-05-13 11:53:00,1e-04
"341394",2019-05-26 01:53:00,0.03
"341454",2019-05-26 02:53:00,1e-04
"349614",2019-05-31 18:53:00,0.3
"349674",2019-05-31 19:53:00,0.46
"349734",2019-05-31 20:53:00,0.19
"349794",2019-05-31 21:53:00,1e-04
"356514",2019-06-05 13:53:00,0.02
"356574",2019-06-05 14:53:00,1e-04
"356694",2019-06-05 16:53:00,0.66
"356754",2019-06-05 17:53:00,0.08
"356814",2019-06-05 18:53:00,0.18
"358014",2019-06-06 14:53:00,0.05
"358074",2019-06-06 15:53:00,0.1
"358134",2019-06-06 16:53:00,0.52
"358194",2019-06-06 17:53:00,0.02
"358374",2019-06-06 20:53:00,0.21
"358434",2019-06-06 21:53:00,1e-04
"359034",2019-06-07 07:53:00,1e-04
"359274",2019-06-07 11:53:00,1e-04
"359334",2019-06-07 12:53:00,1e-04
"359454",2019-06-07 14:53:00,0.53
"359514",2019-06-07 15:53:00,1e-04
"359574",2019-06-07 16:53:00,1e-04
"359634",2019-06-07 17:53:00,1e-04
"359694",2019-06-07 18:53:00,1e-04
"359754",2019-06-07 19:53:00,1e-04
"360054",2019-06-08 00:53:00,0.24
"360114",2019-06-08 01:53:00,0.01
"360174",2019-06-08 02:53:00,1e-04
"360234",2019-06-08 03:53:00,1e-04
"360414",2019-06-08 06:53:00,1e-04
"360474",2019-06-08 07:53:00,0.09
"361014",2019-06-08 16:53:00,1e-04
"362274",2019-06-09 13:53:00,1e-04
"362454",2019-06-09 16:53:00,0.09
"362514",2019-06-09 17:53:00,0.04
"362574",2019-06-09 18:53:00,0.03
"362634",2019-06-09 19:53:00,0.15
"362694",2019-06-09 20:53:00,0.2
"362754",2019-06-09 21:53:00,0.1
"362814",2019-06-09 22:53:00,1e-04
"362874",2019-06-09 23:53:00,0.05
"362934",2019-06-10 00:53:00,0.04
"363234",2019-06-10 05:53:00,1e-04
"363294",2019-06-10 06:53:00,1e-04
"363474",2019-06-10 09:53:00,1e-04
"363714",2019-06-10 13:53:00,0.03
"363774",2019-06-10 14:53:00,0.07
"363834",2019-06-10 15:53:00,0.04
"363894",2019-06-10 16:53:00,0.01
"363954",2019-06-10 17:53:00,0.01
"364014",2019-06-10 18:53:00,0.01
"364254",2019-06-10 22:53:00,1e-04
"364374",2019-06-11 00:53:00,1e-04
"364434",2019-06-11 01:53:00,0.01
"364494",2019-06-11 02:53:00,1e-04
"364554",2019-06-11 03:53:00,0.01
"364614",2019-06-11 04:53:00,0.01
"366534",2019-06-12 12:53:00,1e-04
"366594",2019-06-12 13:53:00,1e-04
"366654",2019-06-12 14:53:00,0.01
"366954",2019-06-12 19:53:00,0.01
"367014",2019-06-12 20:53:00,1e-04
"367074",2019-06-12 21:53:00,0.01
"367254",2019-06-13 00:53:00,0.03
"367314",2019-06-13 01:53:00,0.04
"367374",2019-06-13 02:53:00,0.03
"367434",2019-06-13 03:53:00,0.02
"368514",2019-06-13 21:53:00,0.01
"375474",2019-06-18 17:53:00,1e-04
"375594",2019-06-18 19:53:00,1e-04
"376314",2019-06-19 07:53:00,1e-04
"376434",2019-06-19 09:53:00,1e-04
"376734",2019-06-19 14:53:00,1e-04
"378174",2019-06-20 14:53:00,0.03
"378234",2019-06-20 15:53:00,0.13
"378294",2019-06-20 16:53:00,0.01
"378354",2019-06-20 17:53:00,0.01
"378414",2019-06-20 18:53:00,0.13
"378474",2019-06-20 19:53:00,0.01
"380454",2019-06-22 04:53:00,1e-04
"381894",2019-06-23 04:53:00,1e-04
"392754",2019-06-30 17:53:00,0.03
"398574",2019-07-04 18:53:00,0.01
"398634",2019-07-04 19:53:00,0.07
"398694",2019-07-04 20:53:00,1e-04
"402714",2019-07-07 15:53:00,1e-04
"402774",2019-07-07 16:53:00,0.01
"403074",2019-07-07 21:53:00,1e-04
"403134",2019-07-07 22:53:00,1e-04
"408654",2019-07-11 18:53:00,1e-04
"408714",2019-07-11 19:53:00,0.49
"408774",2019-07-11 20:53:00,0.05
"408834",2019-07-11 21:53:00,1e-04
"409014",2019-07-12 00:53:00,1e-04
"409134",2019-07-12 02:53:00,0.03
"409194",2019-07-12 03:53:00,1e-04
"409254",2019-07-12 04:53:00,0.01
"409974",2019-07-12 16:53:00,0.01
"410034",2019-07-12 17:53:00,0.14
"415734",2019-07-16 16:53:00,1e-04
"417654",2019-07-18 00:53:00,0.02
"417714",2019-07-18 01:53:00,1e-04
"418614",2019-07-18 16:53:00,0.01
"418674",2019-07-18 17:53:00,0.03
"418854",2019-07-18 20:53:00,0.12
"418914",2019-07-18 21:53:00,0.06
"418974",2019-07-18 22:53:00,0.02
"419034",2019-07-18 23:53:00,1e-04
"424494",2019-07-22 18:53:00,0.01
"424554",2019-07-22 19:53:00,1e-04
"424614",2019-07-22 20:53:00,1e-04
"425574",2019-07-23 12:53:00,0.01
"425694",2019-07-23 14:53:00,1e-04
"425754",2019-07-23 15:53:00,0.98
"425814",2019-07-23 16:53:00,0.41
"425874",2019-07-23 17:53:00,0.15
"425934",2019-07-23 18:53:00,0.1
"425994",2019-07-23 19:53:00,0.04
"426054",2019-07-23 20:53:00,0.02
"426114",2019-07-23 21:53:00,1e-04
"438714",2019-08-01 15:53:00,1e-04
"439374",2019-08-02 02:53:00,1e-04
"439434",2019-08-02 03:53:00,1e-04
"440274",2019-08-02 17:53:00,0.01
"440334",2019-08-02 18:53:00,0.01
"440394",2019-08-02 19:53:00,0.01
"443154",2019-08-04 17:53:00,0.86
"443214",2019-08-04 18:53:00,0.39
"443274",2019-08-04 19:53:00,0.04
"443334",2019-08-04 20:53:00,1e-04
"443394",2019-08-04 21:53:00,0.01
"443454",2019-08-04 22:53:00,1e-04
"443994",2019-08-05 07:53:00,0.01
"444054",2019-08-05 08:53:00,1e-04
"444114",2019-08-05 09:53:00,1e-04
"444654",2019-08-05 18:53:00,1.48
"444714",2019-08-05 19:53:00,0.48
"444774",2019-08-05 20:53:00,1e-04
"447294",2019-08-07 14:53:00,1e-04
"447354",2019-08-07 15:53:00,1e-04
"447954",2019-08-08 01:53:00,0.04
"448014",2019-08-08 02:53:00,1e-04
"456054",2019-08-13 16:53:00,0.02
"456114",2019-08-13 17:53:00,0.97
"456174",2019-08-13 18:53:00,0.12
"456234",2019-08-13 19:53:00,1e-04
"456774",2019-08-14 04:53:00,1e-04
"456834",2019-08-14 05:53:00,0.02
"456894",2019-08-14 06:53:00,0.01
"457734",2019-08-14 20:53:00,1e-04
"457794",2019-08-14 21:53:00,0.03
"457854",2019-08-14 22:53:00,1e-04
"457914",2019-08-14 23:53:00,1e-04
"459054",2019-08-15 18:53:00,0.01
"464514",2019-08-19 13:53:00,1e-04
"464574",2019-08-19 14:53:00,0.19
"464634",2019-08-19 15:53:00,0.08
"464694",2019-08-19 16:53:00,1e-04
"464754",2019-08-19 17:53:00,1e-04
"464814",2019-08-19 18:53:00,1e-04
"469014",2019-08-22 16:53:00,0.04
"469074",2019-08-22 17:53:00,0.02
"469134",2019-08-22 18:53:00,0.01
"469194",2019-08-22 19:53:00,0.02
"469254",2019-08-22 20:53:00,0.04
"470454",2019-08-23 16:53:00,1e-04
"470514",2019-08-23 17:53:00,1e-04
"470814",2019-08-23 22:53:00,1e-04
"471114",2019-08-24 03:53:00,1e-04
"471174",2019-08-24 04:53:00,1e-04
"471414",2019-08-24 08:53:00,1e-04
"471774",2019-08-24 14:53:00,1e-04
"471834",2019-08-24 15:53:00,1e-04
"471894",2019-08-24 16:53:00,1e-04
"471954",2019-08-24 17:53:00,1e-04
"472014",2019-08-24 18:53:00,1e-04
"472074",2019-08-24 19:53:00,1e-04
"472134",2019-08-24 20:53:00,1e-04
"472194",2019-08-24 21:53:00,1e-04
"474534",2019-08-26 12:53:00,1e-04
"474594",2019-08-26 13:53:00,1e-04
"474654",2019-08-26 14:53:00,1e-04
"474714",2019-08-26 15:53:00,1e-04
"474774",2019-08-26 16:53:00,1e-04
"474834",2019-08-26 17:53:00,1e-04
"474894",2019-08-26 18:53:00,1e-04
"474954",2019-08-26 19:53:00,1e-04
"475014",2019-08-26 20:53:00,1e-04
"475074",2019-08-26 21:53:00,1e-04
"475134",2019-08-26 22:53:00,1e-04
"488694",2019-09-05 08:53:00,1e-04
"488754",2019-09-05 09:53:00,1e-04
"488814",2019-09-05 10:53:00,1e-04
"488994",2019-09-05 13:53:00,1e-04
"489054",2019-09-05 14:53:00,0.18
"489114",2019-09-05 15:53:00,0.27
"489174",2019-09-05 16:53:00,0.18
"489234",2019-09-05 17:53:00,0.1
"489294",2019-09-05 18:53:00,0.18
"489354",2019-09-05 19:53:00,0.14
"489414",2019-09-05 20:53:00,0.09
"489474",2019-09-05 21:53:00,0.05
"489534",2019-09-05 22:53:00,0.16
"489594",2019-09-05 23:53:00,0.35
"489654",2019-09-06 00:53:00,0.47
"489714",2019-09-06 01:53:00,0.33
"489774",2019-09-06 02:53:00,0.03
"489834",2019-09-06 03:53:00,0.02
"489894",2019-09-06 04:53:00,0.04
"489954",2019-09-06 05:53:00,0.03
"490014",2019-09-06 06:53:00,1e-04
"490074",2019-09-06 07:53:00,1e-04
"490254",2019-09-06 10:53:00,0.01
"493674",2019-09-08 19:53:00,0.06
"493734",2019-09-08 20:53:00,0.03
"493794",2019-09-08 21:53:00,1e-04
"494454",2019-09-09 08:53:00,0.01
"495114",2019-09-09 19:53:00,0.61
"495174",2019-09-09 20:53:00,0.42
"500634",2019-09-13 15:53:00,1e-04
"506514",2019-09-17 17:53:00,0.04
"506574",2019-09-17 18:53:00,0.01
"532494",2019-10-05 18:53:00,1e-04
"532674",2019-10-05 21:53:00,1e-04
"536154",2019-10-08 07:53:00,0.01
"536214",2019-10-08 08:53:00,0.02
"536274",2019-10-08 09:53:00,0.01
"536334",2019-10-08 10:53:00,0.01
"536394",2019-10-08 11:53:00,1e-04
"536574",2019-10-08 14:53:00,1e-04
"536634",2019-10-08 15:53:00,1e-04
"537054",2019-10-08 22:53:00,1e-04
"543654",2019-10-13 12:53:00,1e-04
"543714",2019-10-13 13:53:00,0.04
"543774",2019-10-13 14:53:00,0.08
"543834",2019-10-13 15:53:00,0.02
"543894",2019-10-13 16:53:00,0.06
"543954",2019-10-13 17:53:00,0.09
"544014",2019-10-13 18:53:00,1e-04
"544074",2019-10-13 19:53:00,0.14
"544134",2019-10-13 20:53:00,0.08
"544194",2019-10-13 21:53:00,0.09
"544254",2019-10-13 22:53:00,1e-04
"544314",2019-10-13 23:53:00,1e-04
"547374",2019-10-16 02:53:00,1e-04
"547434",2019-10-16 03:53:00,1e-04
"547554",2019-10-16 05:53:00,1e-04
"547614",2019-10-16 06:53:00,0.01
"547674",2019-10-16 07:53:00,0.03
"547734",2019-10-16 08:53:00,0.18
"547794",2019-10-16 09:53:00,0.28
"547854",2019-10-16 10:53:00,0.25
"547914",2019-10-16 11:53:00,0.31
"547974",2019-10-16 12:53:00,0.24
"548034",2019-10-16 13:53:00,0.08
"548094",2019-10-16 14:53:00,1e-04
"552714",2019-10-19 19:53:00,1e-04
"552894",2019-10-19 22:53:00,0.01
"552954",2019-10-19 23:53:00,0.01
"553014",2019-10-20 00:53:00,1e-04
"553074",2019-10-20 01:53:00,0.04
"553134",2019-10-20 02:53:00,0.16
"553194",2019-10-20 03:53:00,0.25
"553254",2019-10-20 04:53:00,0.13
"553314",2019-10-20 05:53:00,0.33
"553374",2019-10-20 06:53:00,0.18
"553434",2019-10-20 07:53:00,0.29
"553494",2019-10-20 08:53:00,0.02
"553554",2019-10-20 09:53:00,0.03
"553614",2019-10-20 10:53:00,0.04
"553674",2019-10-20 11:53:00,1e-04
"556554",2019-10-22 11:53:00,0.01
"556614",2019-10-22 12:53:00,1e-04
"556854",2019-10-22 16:53:00,1e-04
"556914",2019-10-22 17:53:00,1e-04
"563034",2019-10-26 23:53:00,1e-04
"563094",2019-10-27 00:53:00,1e-04
"563274",2019-10-27 03:53:00,1e-04
"563334",2019-10-27 04:53:00,1e-04
"563394",2019-10-27 05:53:00,1e-04
"563514",2019-10-27 07:53:00,1e-04
"563574",2019-10-27 08:53:00,1e-04
"563754",2019-10-27 11:53:00,0.03
"563814",2019-10-27 12:53:00,0.01
"563874",2019-10-27 13:53:00,1e-04
"564234",2019-10-27 19:53:00,0.13
"564294",2019-10-27 20:53:00,0.08
"567954",2019-10-30 09:53:00,1e-04
"568014",2019-10-30 10:53:00,0.01
"568614",2019-10-30 20:53:00,1e-04
"568674",2019-10-30 21:53:00,1e-04
"569574",2019-10-31 12:53:00,1e-04
"570114",2019-10-31 21:53:00,0.08
"570174",2019-10-31 22:53:00,0.1
"570234",2019-10-31 23:53:00,0.04
"576054",2019-11-05 00:53:00,1e-04
"576114",2019-11-05 01:53:00,0.01
"576174",2019-11-05 02:53:00,0.01
"576234",2019-11-05 03:53:00,0.01
"580194",2019-11-07 21:53:00,0.04
"580254",2019-11-07 22:53:00,0.03
"580314",2019-11-07 23:53:00,0.03
"580374",2019-11-08 00:53:00,0.04
"580434",2019-11-08 01:53:00,0.08
"580494",2019-11-08 02:53:00,0.14
"580554",2019-11-08 03:53:00,0.13
"580614",2019-11-08 04:53:00,0.03
"586494",2019-11-12 06:53:00,1e-04
"586614",2019-11-12 08:53:00,1e-04
"586674",2019-11-12 09:53:00,1e-04
"586734",2019-11-12 10:53:00,0.08
"586794",2019-11-12 11:53:00,0.03
"586854",2019-11-12 12:53:00,0.06
"586914",2019-11-12 13:53:00,0.11
"586974",2019-11-12 14:53:00,0.08
"587034",2019-11-12 15:53:00,0.11
"587094",2019-11-12 16:53:00,0.04
"587154",2019-11-12 17:53:00,0.01
"590274",2019-11-14 21:53:00,1e-04
"590394",2019-11-14 23:53:00,0.01
"590454",2019-11-15 00:53:00,1e-04
"590514",2019-11-15 01:53:00,0.01
"590574",2019-11-15 02:53:00,0.05
"590634",2019-11-15 03:53:00,0.13
"590694",2019-11-15 04:53:00,0.12
"590754",2019-11-15 05:53:00,0.07
"590814",2019-11-15 06:53:00,0.03
"590874",2019-11-15 07:53:00,0.04
"590934",2019-11-15 08:53:00,0.03
"590994",2019-11-15 09:53:00,1e-04
"591054",2019-11-15 10:53:00,1e-04
"591114",2019-11-15 11:53:00,0.02
"591174",2019-11-15 12:53:00,0.01
"591234",2019-11-15 13:53:00,0.01
"591294",2019-11-15 14:53:00,0.01
"591354",2019-11-15 15:53:00,0.02
"591414",2019-11-15 16:53:00,1e-04
"591474",2019-11-15 17:53:00,0.01
"591534",2019-11-15 18:53:00,0.01
"591594",2019-11-15 19:53:00,0.02
"591654",2019-11-15 20:53:00,1e-04
"591714",2019-11-15 21:53:00,0.02
"591774",2019-11-15 22:53:00,1e-04
"592674",2019-11-16 13:53:00,1e-04
"592794",2019-11-16 15:53:00,1e-04
"592854",2019-11-16 16:53:00,0.02
"592914",2019-11-16 17:53:00,0.01
"593034",2019-11-16 19:53:00,1e-04
"593274",2019-11-16 23:53:00,1e-04
"595554",2019-11-18 13:53:00,1e-04
"595614",2019-11-18 14:53:00,0.04
"595674",2019-11-18 15:53:00,0.07
"595734",2019-11-18 16:53:00,0.03
"595794",2019-11-18 17:53:00,0.02
"595854",2019-11-18 18:53:00,1e-04
"595914",2019-11-18 19:53:00,0.02
"595974",2019-11-18 20:53:00,0.01
"600834",2019-11-22 05:53:00,1e-04
"602634",2019-11-23 11:53:00,1e-04
"602694",2019-11-23 12:53:00,0.04
"602754",2019-11-23 13:53:00,0.22
"602814",2019-11-23 14:53:00,0.13
"602874",2019-11-23 15:53:00,0.08
"602934",2019-11-23 16:53:00,0.04
"602994",2019-11-23 17:53:00,0.01
"603174",2019-11-23 20:53:00,1e-04
"603234",2019-11-23 21:53:00,0.01
"603294",2019-11-23 22:53:00,0.01
"603414",2019-11-24 00:53:00,0.03
"603474",2019-11-24 01:53:00,0.02
"603534",2019-11-24 02:53:00,1e-04
"603594",2019-11-24 03:53:00,0.02
"608334",2019-11-27 10:53:00,0.02
"608394",2019-11-27 11:53:00,0.03
"608454",2019-11-27 12:53:00,1e-04
"612594",2019-11-30 09:53:00,1e-04
"612654",2019-11-30 10:53:00,0.03
"612714",2019-11-30 11:53:00,1e-04
"612774",2019-11-30 12:53:00,1e-04
"613014",2019-11-30 16:53:00,0.02
"613074",2019-11-30 17:53:00,0.03
"613134",2019-11-30 18:53:00,0.06
"613194",2019-11-30 19:53:00,0.09
"613254",2019-11-30 20:53:00,0.01
"613314",2019-11-30 21:53:00,0.01
"613434",2019-11-30 23:53:00,1e-04
"613494",2019-12-01 00:53:00,0.03
"613554",2019-12-01 01:53:00,0.01
"613614",2019-12-01 02:53:00,0.02
"613674",2019-12-01 03:53:00,1e-04
"613914",2019-12-01 07:53:00,0.03
"613974",2019-12-01 08:53:00,0.04
"614034",2019-12-01 09:53:00,0.02
"614094",2019-12-01 10:53:00,0.03
"614154",2019-12-01 11:53:00,0.03
"614214",2019-12-01 12:53:00,0.01
"614274",2019-12-01 13:53:00,0.02
"614334",2019-12-01 14:53:00,0.01
"615174",2019-12-02 04:53:00,1e-04
"615234",2019-12-02 05:53:00,1e-04
"615774",2019-12-02 14:53:00,1e-04
"615894",2019-12-02 16:53:00,1e-04
"624534",2019-12-08 16:53:00,1e-04
"624594",2019-12-08 17:53:00,0.01
"624654",2019-12-08 18:53:00,0.03
"624714",2019-12-08 19:53:00,0.03
"624774",2019-12-08 20:53:00,0.03
"624834",2019-12-08 21:53:00,0.02
"624894",2019-12-08 22:53:00,0.01
"624954",2019-12-08 23:53:00,0.02
"625014",2019-12-09 00:53:00,0.01
"625074",2019-12-09 01:53:00,0.01
"627534",2019-12-10 18:53:00,1e-04
"627594",2019-12-10 19:53:00,0.01
"627894",2019-12-11 00:53:00,1e-04
"627954",2019-12-11 01:53:00,1e-04
"628014",2019-12-11 02:53:00,1e-04
"628074",2019-12-11 03:53:00,1e-04
"628134",2019-12-11 04:53:00,1e-04
"628194",2019-12-11 05:53:00,1e-04
"628254",2019-12-11 06:53:00,1e-04
"628314",2019-12-11 07:53:00,1e-04
"631194",2019-12-13 07:53:00,1e-04
"631254",2019-12-13 08:53:00,1e-04
"631314",2019-12-13 09:53:00,1e-04
"631374",2019-12-13 10:53:00,1e-04
"631434",2019-12-13 11:53:00,1e-04
"631494",2019-12-13 12:53:00,1e-04
"631554",2019-12-13 13:53:00,1e-04
"631614",2019-12-13 14:53:00,1e-04
"631974",2019-12-13 20:53:00,0.04
"632034",2019-12-13 21:53:00,0.06
"632094",2019-12-13 22:53:00,0.08
"632154",2019-12-13 23:53:00,0.08
"632214",2019-12-14 00:53:00,0.09
"632274",2019-12-14 01:53:00,0.08
"632334",2019-12-14 02:53:00,0.09
"632394",2019-12-14 03:53:00,0.04
"632514",2019-12-14 05:53:00,0.07
"632574",2019-12-14 06:53:00,0.06
"632634",2019-12-14 07:53:00,0.06
"632694",2019-12-14 08:53:00,0.05
"637074",2019-12-17 09:53:00,0.01
"637134",2019-12-17 10:53:00,0.02
"637194",2019-12-17 11:53:00,0.04
"637254",2019-12-17 12:53:00,0.04
"637314",2019-12-17 13:53:00,0.09
"637374",2019-12-17 14:53:00,0.02
"637434",2019-12-17 15:53:00,0.03
"637494",2019-12-17 16:53:00,0.01
"637554",2019-12-17 17:53:00,1e-04
"637614",2019-12-17 18:53:00,1e-04
"637734",2019-12-17 20:53:00,0.02
"637794",2019-12-17 21:53:00,1e-04
"637974",2019-12-18 00:53:00,1e-04
"638334",2019-12-18 06:53:00,1e-04
"645114",2019-12-22 23:53:00,1e-04
"645174",2019-12-23 00:53:00,0.01
"645234",2019-12-23 01:53:00,0.01
"645294",2019-12-23 02:53:00,1e-04
"645354",2019-12-23 03:53:00,0.01
"645414",2019-12-23 04:53:00,1e-04
"645594",2019-12-23 07:53:00,1e-04
"645654",2019-12-23 08:53:00,1e-04
"645714",2019-12-23 09:53:00,0.01
"645774",2019-12-23 10:53:00,0.01
"645834",2019-12-23 11:53:00,0.04
"645894",2019-12-23 12:53:00,0.03
"645954",2019-12-23 13:53:00,0.04
"646014",2019-12-23 14:53:00,0.02
"646074",2019-12-23 15:53:00,0.03
"646134",2019-12-23 16:53:00,0.01
"654294",2019-12-29 08:53:00,1e-04
"654834",2019-12-29 17:53:00,0.01
"654894",2019-12-29 18:53:00,0.04
"654954",2019-12-29 19:53:00,1e-04
"655014",2019-12-29 20:53:00,1e-04
"655074",2019-12-29 21:53:00,1e-04
"655134",2019-12-29 22:53:00,0.01
"655194",2019-12-29 23:53:00,1e-04
"655254",2019-12-30 00:53:00,0.02
"655614",2019-12-30 06:53:00,1e-04
"660594",2020-01-02 17:53:00,1e-04
"660894",2020-01-02 22:53:00,1e-04
"660954",2020-01-02 23:53:00,1e-04
"661014",2020-01-03 00:53:00,0.03
"661074",2020-01-03 01:53:00,0.08
"661194",2020-01-03 03:53:00,0.01
"661554",2020-01-03 09:53:00,1e-04
"662094",2020-01-03 18:53:00,1e-04
"662154",2020-01-03 19:53:00,0.01
"662214",2020-01-03 20:53:00,0.04
"662274",2020-01-03 21:53:00,0.58
"662334",2020-01-03 22:53:00,0.03
"662394",2020-01-03 23:53:00,0.01
"662454",2020-01-04 00:53:00,0.05
"662514",2020-01-04 01:53:00,0.16
"662574",2020-01-04 02:53:00,0.03
"662634",2020-01-04 03:53:00,0.04
"662694",2020-01-04 04:53:00,0.05
"662754",2020-01-04 05:53:00,0.06
"662814",2020-01-04 06:53:00,0.01
"662874",2020-01-04 07:53:00,0.01
"662934",2020-01-04 08:53:00,0.02
"662994",2020-01-04 09:53:00,0.06
"663054",2020-01-04 10:53:00,0.07
"663114",2020-01-04 11:53:00,0.01
"663534",2020-01-04 18:53:00,1e-04
"663714",2020-01-04 21:53:00,0.01
"667554",2020-01-07 13:53:00,0.05
"667614",2020-01-07 14:53:00,0.07
"667674",2020-01-07 15:53:00,1e-04
"673374",2020-01-11 14:53:00,1e-04
"673914",2020-01-11 23:53:00,0.02
"673974",2020-01-12 00:53:00,1e-04
"674034",2020-01-12 01:53:00,0.02
"674094",2020-01-12 02:53:00,0.01
"674214",2020-01-12 04:53:00,1e-04
"674514",2020-01-12 09:53:00,1e-04
"674574",2020-01-12 10:53:00,1e-04
"675414",2020-01-13 00:53:00,1e-04
"675474",2020-01-13 01:53:00,0.01
"675534",2020-01-13 02:53:00,0.03
"675594",2020-01-13 03:53:00,1e-04
"675654",2020-01-13 04:53:00,0.03
"675714",2020-01-13 05:53:00,0.14
"675774",2020-01-13 06:53:00,0.06
"676194",2020-01-13 13:53:00,1e-04
"676254",2020-01-13 14:53:00,0.32
"676314",2020-01-13 15:53:00,0.07
"676374",2020-01-13 16:53:00,1e-04
"676434",2020-01-13 17:53:00,0.01
"676674",2020-01-13 21:53:00,0.09
"676734",2020-01-13 22:53:00,0.09
"676794",2020-01-13 23:53:00,0.61
"676854",2020-01-14 00:53:00,0.2
"676914",2020-01-14 01:53:00,0.1
"676974",2020-01-14 02:53:00,1e-04
"677334",2020-01-14 08:53:00,0.01
"677694",2020-01-14 14:53:00,1e-04
"677754",2020-01-14 15:53:00,1e-04
"680214",2020-01-16 08:53:00,1e-04
"683694",2020-01-18 18:53:00,1e-04
"683754",2020-01-18 19:53:00,1e-04
"683814",2020-01-18 20:53:00,0.02
"683874",2020-01-18 21:53:00,0.03
"683934",2020-01-18 22:53:00,0.03
"683994",2020-01-18 23:53:00,0.02
"684054",2020-01-19 00:53:00,0.02
"684114",2020-01-19 01:53:00,0.01
"684174",2020-01-19 02:53:00,0.02
"684234",2020-01-19 03:53:00,0.01
"684294",2020-01-19 04:53:00,0.01
"692514",2020-01-24 21:53:00,1e-04
"692574",2020-01-24 22:53:00,0.01
"692634",2020-01-24 23:53:00,0.01
"692694",2020-01-25 00:53:00,0.02
"692754",2020-01-25 01:53:00,0.1
"692814",2020-01-25 02:53:00,0.5
"692874",2020-01-25 03:53:00,0.03
"692934",2020-01-25 04:53:00,0.01
"692994",2020-01-25 05:53:00,0.03
"693054",2020-01-25 06:53:00,1e-04
"696534",2020-01-27 16:53:00,1e-04
"696594",2020-01-27 17:53:00,1e-04
"696654",2020-01-27 18:53:00,0.06
"696714",2020-01-27 19:53:00,0.08
"696774",2020-01-27 20:53:00,0.02
"696834",2020-01-27 21:53:00,1e-04
"696894",2020-01-27 22:53:00,1e-04
"702294",2020-01-31 16:53:00,1e-04
"702354",2020-01-31 17:53:00,0.03
"702414",2020-01-31 18:53:00,0.11
"702474",2020-01-31 19:53:00,0.07
"702534",2020-01-31 20:53:00,0.09
"702594",2020-01-31 21:53:00,0.08
"702654",2020-01-31 22:53:00,0.05
"702714",2020-01-31 23:53:00,0.06
"702774",2020-02-01 00:53:00,0.04
"702834",2020-02-01 01:53:00,0.02
"702894",2020-02-01 02:53:00,0.01
"702954",2020-02-01 03:53:00,0.02
"709194",2020-02-05 11:53:00,1e-04
"709254",2020-02-05 12:53:00,0.01
"709314",2020-02-05 13:53:00,0.03
"709434",2020-02-05 15:53:00,1e-04
"709494",2020-02-05 16:53:00,1e-04
"709554",2020-02-05 17:53:00,1e-04
"709614",2020-02-05 18:53:00,0.1
"709674",2020-02-05 19:53:00,0.03
"709854",2020-02-05 22:53:00,1e-04
"709914",2020-02-05 23:53:00,0.01
"709974",2020-02-06 00:53:00,0.02
"710034",2020-02-06 01:53:00,0.01
"710154",2020-02-06 03:53:00,1e-04
"710214",2020-02-06 04:53:00,1e-04
"710274",2020-02-06 05:53:00,0.01
"710334",2020-02-06 06:53:00,0.07
"710394",2020-02-06 07:53:00,0.16
"710454",2020-02-06 08:53:00,0.48
"710514",2020-02-06 09:53:00,0.13
"710574",2020-02-06 10:53:00,0.03
"710634",2020-02-06 11:53:00,1e-04
"710814",2020-02-06 14:53:00,1e-04
"710874",2020-02-06 15:53:00,0.35
"710934",2020-02-06 16:53:00,0.14
"710994",2020-02-06 17:53:00,0.59
"711054",2020-02-06 18:53:00,0.39
"711114",2020-02-06 19:53:00,0.12
"711174",2020-02-06 20:53:00,0.09
"711234",2020-02-06 21:53:00,0.26
"711294",2020-02-06 22:53:00,0.15
"711354",2020-02-06 23:53:00,0.14
"711414",2020-02-07 00:53:00,0.15
"711474",2020-02-07 01:53:00,0.09
"711534",2020-02-07 02:53:00,0.1
"711594",2020-02-07 03:53:00,1e-04
"711834",2020-02-07 07:53:00,0.07
"711894",2020-02-07 08:53:00,1e-04
"712194",2020-02-07 13:53:00,1e-04
"712254",2020-02-07 14:53:00,1e-04
"712374",2020-02-07 16:53:00,1e-04
"712434",2020-02-07 17:53:00,1e-04
"713994",2020-02-08 19:53:00,1e-04
"717234",2020-02-11 01:53:00,1e-04
"717414",2020-02-11 04:53:00,1e-04
"717474",2020-02-11 05:53:00,0.01
"717534",2020-02-11 06:53:00,0.01
"717594",2020-02-11 07:53:00,0.03
"717654",2020-02-11 08:53:00,1e-04
"717714",2020-02-11 09:53:00,1e-04
"717774",2020-02-11 10:53:00,1e-04
"717834",2020-02-11 11:53:00,0.01
"718314",2020-02-11 19:53:00,1e-04
"718434",2020-02-11 21:53:00,0.1
"718494",2020-02-11 22:53:00,1e-04
"718554",2020-02-11 23:53:00,1e-04
"718614",2020-02-12 00:53:00,0.01
"718674",2020-02-12 01:53:00,1e-04
"718734",2020-02-12 02:53:00,1e-04
"720594",2020-02-13 09:53:00,1e-04
"720774",2020-02-13 12:53:00,0.22
"720834",2020-02-13 13:53:00,0.06
"720954",2020-02-13 15:53:00,0.01
"721014",2020-02-13 16:53:00,0.05
"721074",2020-02-13 17:53:00,1e-04
"721254",2020-02-13 20:53:00,0.01
"725574",2020-02-16 20:53:00,1e-04
"725634",2020-02-16 21:53:00,0.01
"725694",2020-02-16 22:53:00,1e-04
"725754",2020-02-16 23:53:00,0.05
"725814",2020-02-17 00:53:00,0.04
"725874",2020-02-17 01:53:00,1e-04
"725994",2020-02-17 03:53:00,1e-04
"728574",2020-02-18 22:53:00,0.05
"728634",2020-02-18 23:53:00,0.01
"728694",2020-02-19 00:53:00,1e-04
"728754",2020-02-19 01:53:00,0.05
"728814",2020-02-19 02:53:00,0.02
"728874",2020-02-19 03:53:00,0.01
"728934",2020-02-19 04:53:00,0.02
"728994",2020-02-19 05:53:00,0.01
"729054",2020-02-19 06:53:00,0.02
"729114",2020-02-19 07:53:00,0.01
"729174",2020-02-19 08:53:00,1e-04
"729234",2020-02-19 09:53:00,1e-04
"729474",2020-02-19 13:53:00,1e-04
"729534",2020-02-19 14:53:00,1e-04
"729594",2020-02-19 15:53:00,1e-04
"730914",2020-02-20 13:53:00,0.01
"730974",2020-02-20 14:53:00,0.04
"731034",2020-02-20 15:53:00,0.07
"731094",2020-02-20 16:53:00,0.08
"731154",2020-02-20 17:53:00,0.08
"731214",2020-02-20 18:53:00,0.05
"731274",2020-02-20 19:53:00,0.04
"731334",2020-02-20 20:53:00,0.01
"731394",2020-02-20 21:53:00,0.02
"731454",2020-02-20 22:53:00,0.02
"731514",2020-02-20 23:53:00,1e-04
"731574",2020-02-21 00:53:00,1e-04
"731634",2020-02-21 01:53:00,1e-04
"731694",2020-02-21 02:53:00,1e-04
"736434",2020-02-24 09:53:00,1e-04
"736554",2020-02-24 11:53:00,1e-04
"736614",2020-02-24 12:53:00,0.01
"736674",2020-02-24 13:53:00,1e-04
"736734",2020-02-24 14:53:00,0.01
"736914",2020-02-24 17:53:00,1e-04
"736974",2020-02-24 18:53:00,0.01
"737034",2020-02-24 19:53:00,0.03
"737094",2020-02-24 20:53:00,0.02
"737154",2020-02-24 21:53:00,0.01
"737214",2020-02-24 22:53:00,1e-04
"737274",2020-02-24 23:53:00,1e-04
"737334",2020-02-25 00:53:00,0.01
"737394",2020-02-25 01:53:00,0.02
"737454",2020-02-25 02:53:00,1e-04
"737514",2020-02-25 03:53:00,0.01
"737574",2020-02-25 04:53:00,0.02
"737634",2020-02-25 05:53:00,0.01
"740034",2020-02-26 21:53:00,0.01
"740094",2020-02-26 22:53:00,1e-04
"742794",2020-02-28 19:53:00,1e-04
"742854",2020-02-28 20:53:00,1e-04
"743034",2020-02-28 23:53:00,1e-04
"748254",2020-03-03 14:53:00,1e-04
"748314",2020-03-03 15:53:00,0.21
"748374",2020-03-03 16:53:00,0.01
"748434",2020-03-03 17:53:00,0.01
"751434",2020-03-05 19:53:00,0.01
"751494",2020-03-05 20:53:00,0.05
"751554",2020-03-05 21:53:00,0.05
"751614",2020-03-05 22:53:00,0.04
"751674",2020-03-05 23:53:00,0.05
"751734",2020-03-06 00:53:00,0.06
"751794",2020-03-06 01:53:00,0.08
"751854",2020-03-06 02:53:00,0.04
"751914",2020-03-06 03:53:00,0.04
"751974",2020-03-06 04:53:00,1e-04
"752092",2020-03-06 06:51:00,0.02
"758274",2020-03-10 13:53:00,0.1
"758334",2020-03-10 14:53:00,0.01
"758394",2020-03-10 15:53:00,1e-04
"760134",2020-03-11 20:53:00,0.18
"762114",2020-03-13 05:53:00,0.01
"762174",2020-03-13 06:53:00,1e-04
"762234",2020-03-13 07:53:00,1e-04
"762294",2020-03-13 08:53:00,0.02
"762354",2020-03-13 09:53:00,1e-04
"764874",2020-03-15 03:53:00,1e-04
"765114",2020-03-15 07:53:00,1e-04
"767814",2020-03-17 04:53:00,1e-04
"767874",2020-03-17 05:53:00,1e-04
"767934",2020-03-17 06:53:00,0.01
"767994",2020-03-17 07:53:00,1e-04
"768054",2020-03-17 08:53:00,0.02
"768474",2020-03-17 15:53:00,1e-04
"768534",2020-03-17 16:53:00,1e-04
"770634",2020-03-19 03:53:00,1e-04
"770694",2020-03-19 04:53:00,1e-04
"770754",2020-03-19 05:53:00,0.15
"770814",2020-03-19 06:53:00,1e-04
"773274",2020-03-20 23:53:00,0.05
"773754",2020-03-21 07:53:00,1e-04
"773814",2020-03-21 08:53:00,0.02
"773874",2020-03-21 09:53:00,0.03
"773934",2020-03-21 10:53:00,0.01
"773994",2020-03-21 11:53:00,1e-04
"774714",2020-03-21 23:53:00,1e-04
"774774",2020-03-22 00:53:00,0.05
"774834",2020-03-22 01:53:00,0.01
"775674",2020-03-22 15:53:00,1e-04
"776034",2020-03-22 21:53:00,1e-04
"776154",2020-03-22 23:53:00,0.01
"776214",2020-03-23 00:53:00,0.04
"776274",2020-03-23 01:53:00,0.05
"776334",2020-03-23 02:53:00,0.03
"776394",2020-03-23 03:53:00,0.06
"776454",2020-03-23 04:53:00,0.1
"776514",2020-03-23 05:53:00,0.01
"776634",2020-03-23 07:53:00,0.04
"776694",2020-03-23 08:53:00,0.01
"776934",2020-03-23 12:53:00,1e-04
"778674",2020-03-24 17:53:00,1e-04
"778734",2020-03-24 18:53:00,0.01
"778794",2020-03-24 19:53:00,1e-04
"778854",2020-03-24 20:53:00,0.01
"778914",2020-03-24 21:53:00,0.08
"778974",2020-03-24 22:53:00,0.01
"779034",2020-03-24 23:53:00,0.09
"779094",2020-03-25 00:53:00,0.24
"779154",2020-03-25 01:53:00,0.04
"779214",2020-03-25 02:53:00,0.09
"779274",2020-03-25 03:53:00,0.35
"779334",2020-03-25 04:53:00,0.23
"779394",2020-03-25 05:53:00,0.08
"779454",2020-03-25 06:53:00,0.03
"788634",2020-03-31 15:53:00,1e-04
"788754",2020-03-31 17:53:00,0.02
"788814",2020-03-31 18:53:00,0.07
"788874",2020-03-31 19:53:00,0.05
"788934",2020-03-31 20:53:00,1e-04
"788994",2020-03-31 21:53:00,0.01
"789054",2020-03-31 22:53:00,0.02
"789114",2020-03-31 23:53:00,0.1
"789174",2020-04-01 00:53:00,0.08
"789234",2020-04-01 01:53:00,1e-04
"789654",2020-04-01 08:53:00,1e-04
"789714",2020-04-01 09:53:00,0.01
"797214",2020-04-06 14:53:00,1e-04
"797274",2020-04-06 15:53:00,1e-04
"797334",2020-04-06 16:53:00,0.18
"798774",2020-04-07 16:53:00,0.03
"800334",2020-04-08 18:53:00,0.24
"800394",2020-04-08 19:53:00,0.07
"800454",2020-04-08 20:53:00,0.02
"801054",2020-04-09 06:53:00,1e-04
"801114",2020-04-09 07:53:00,0.08
"806094",2020-04-12 18:53:00,1e-04
"806154",2020-04-12 19:53:00,1e-04
"806334",2020-04-12 22:53:00,1e-04
"806394",2020-04-12 23:53:00,1e-04
"806694",2020-04-13 04:53:00,1e-04
"806754",2020-04-13 05:53:00,0.02
"806814",2020-04-13 06:53:00,0.01
"806874",2020-04-13 07:53:00,0.33
"806934",2020-04-13 08:53:00,0.05
"809154",2020-04-14 21:53:00,1e-04
"809214",2020-04-14 22:53:00,1e-04
"809274",2020-04-14 23:53:00,1e-04
"809334",2020-04-15 00:53:00,1e-04
"809394",2020-04-15 01:53:00,0.02
"809514",2020-04-15 03:53:00,1e-04
"809574",2020-04-15 04:53:00,0.23
"809634",2020-04-15 05:53:00,0.05
"809694",2020-04-15 06:53:00,0.06
"809754",2020-04-15 07:53:00,1e-04
"814074",2020-04-18 07:53:00,0.01
"814134",2020-04-18 08:53:00,0.06
"814194",2020-04-18 09:53:00,0.1
"814254",2020-04-18 10:53:00,0.01
"816174",2020-04-19 18:53:00,1e-04
"816654",2020-04-20 02:53:00,0.04
"816714",2020-04-20 03:53:00,0.1
"816774",2020-04-20 04:53:00,0.17
"816834",2020-04-20 05:53:00,0.06
"816894",2020-04-20 06:53:00,0.04
"816954",2020-04-20 07:53:00,0.02
"817014",2020-04-20 08:53:00,0.04
"817074",2020-04-20 09:53:00,0.09
"817134",2020-04-20 10:53:00,0.18
"817194",2020-04-20 11:53:00,0.04
"817254",2020-04-20 12:53:00,0.03
"817314",2020-04-20 13:53:00,1e-04
"817374",2020-04-20 14:53:00,0.01
"818754",2020-04-21 13:53:00,1e-04
"821334",2020-04-23 08:53:00,1e-04
"821394",2020-04-23 09:53:00,1e-04
"821454",2020-04-23 10:53:00,1e-04
"821514",2020-04-23 11:53:00,1e-04
"821574",2020-04-23 12:53:00,1e-04
"822174",2020-04-23 22:53:00,0.01
"822234",2020-04-23 23:53:00,0.07
"822294",2020-04-24 00:53:00,0.02
"823374",2020-04-24 18:53:00,1e-04
"823434",2020-04-24 19:53:00,0.03
"825294",2020-04-26 02:53:00,0.05
"831234",2020-04-30 05:53:00,1e-04
"831294",2020-04-30 06:53:00,0.02
"831354",2020-04-30 07:53:00,0.37
"831414",2020-04-30 08:53:00,1.05
"831474",2020-04-30 09:53:00,0.37
"831534",2020-04-30 10:53:00,0.42
"831594",2020-04-30 11:53:00,0.24
"831654",2020-04-30 12:53:00,0.08
"831714",2020-04-30 13:53:00,0.01
"832314",2020-04-30 23:53:00,0.07
"832374",2020-05-01 00:53:00,1e-04
"832734",2020-05-01 06:53:00,1e-04
"832794",2020-05-01 07:53:00,1e-04
"833214",2020-05-01 14:53:00,1e-04
"833274",2020-05-01 15:53:00,1e-04
"833334",2020-05-01 16:53:00,1e-04
"836634",2020-05-03 23:53:00,1e-04
"836934",2020-05-04 04:53:00,1e-04
"838434",2020-05-05 05:53:00,1e-04
"838494",2020-05-05 06:53:00,1e-04
"838914",2020-05-05 13:53:00,1e-04
"839394",2020-05-05 21:53:00,0.01
"839454",2020-05-05 22:53:00,1e-04
"839754",2020-05-06 03:53:00,1e-04
"840714",2020-05-06 19:53:00,1e-04
"840774",2020-05-06 20:53:00,1e-04
"843414",2020-05-08 16:53:00,1e-04
"843474",2020-05-08 17:53:00,1e-04
"843534",2020-05-08 18:53:00,1e-04
"843594",2020-05-08 19:53:00,0.01
"843654",2020-05-08 20:53:00,1e-04
"843714",2020-05-08 21:53:00,1e-04
"843894",2020-05-09 00:53:00,1e-04
"843954",2020-05-09 01:53:00,1e-04
"857154",2020-05-18 05:53:00,1e-04
"857214",2020-05-18 06:53:00,1e-04
"858234",2020-05-18 23:53:00,1e-04
"858294",2020-05-19 00:53:00,1e-04
"858594",2020-05-19 05:53:00,0.04
"858654",2020-05-19 06:53:00,0.1
"858714",2020-05-19 07:53:00,0.2
"858774",2020-05-19 08:53:00,0.16
"858834",2020-05-19 09:53:00,0.06
"858894",2020-05-19 10:53:00,0.13
"858954",2020-05-19 11:53:00,0.02
"859014",2020-05-19 12:53:00,0.22
"859074",2020-05-19 13:53:00,0.03
"859134",2020-05-19 14:53:00,1e-04
"859194",2020-05-19 15:53:00,0.02
"859254",2020-05-19 16:53:00,1e-04
"859314",2020-05-19 17:53:00,1e-04
"859374",2020-05-19 18:53:00,0.01
"859434",2020-05-19 19:53:00,0.01
"859494",2020-05-19 20:53:00,1e-04
"859554",2020-05-19 21:53:00,0.01
"859614",2020-05-19 22:53:00,0.12
"859674",2020-05-19 23:53:00,0.03
"859734",2020-05-20 00:53:00,0.02
"859794",2020-05-20 01:53:00,0.07
"859854",2020-05-20 02:53:00,0.01
"859914",2020-05-20 03:53:00,1e-04
"859974",2020-05-20 04:53:00,1e-04
"860034",2020-05-20 05:53:00,1e-04
"860094",2020-05-20 06:53:00,0.01
"860154",2020-05-20 07:53:00,0.02
"860214",2020-05-20 08:53:00,0.03
"860274",2020-05-20 09:53:00,0.02
"860334",2020-05-20 10:53:00,1e-04
"860394",2020-05-20 11:53:00,0.03
"860454",2020-05-20 12:53:00,0.08
"860514",2020-05-20 13:53:00,0.01
"860574",2020-05-20 14:53:00,1e-04
"860634",2020-05-20 15:53:00,1e-04
"860694",2020-05-20 16:53:00,0.03
"860754",2020-05-20 17:53:00,1e-04
"860814",2020-05-20 18:53:00,1e-04
"860874",2020-05-20 19:53:00,0.02
"860934",2020-05-20 20:53:00,0.02
"860994",2020-05-20 21:53:00,0.01
"861054",2020-05-20 22:53:00,0.01
"861114",2020-05-20 23:53:00,1e-04
"861174",2020-05-21 00:53:00,0.01
"861234",2020-05-21 01:53:00,0.02
"861294",2020-05-21 02:53:00,0.01
"861354",2020-05-21 03:53:00,1e-04
"861414",2020-05-21 04:53:00,1e-04
"861474",2020-05-21 05:53:00,0.01
"861534",2020-05-21 06:53:00,0.01
"861594",2020-05-21 07:53:00,0.01
"861654",2020-05-21 08:53:00,0.02
"861714",2020-05-21 09:53:00,0.11
"861774",2020-05-21 10:53:00,0.1
"861834",2020-05-21 11:53:00,0.01
"861894",2020-05-21 12:53:00,0.01
"861954",2020-05-21 13:53:00,1e-04
"862014",2020-05-21 14:53:00,0.01
"862074",2020-05-21 15:53:00,1e-04
"862134",2020-05-21 16:53:00,0.02
"862194",2020-05-21 17:53:00,1e-04
"862254",2020-05-21 18:53:00,1e-04
"862314",2020-05-21 19:53:00,0.01
"862374",2020-05-21 20:53:00,0.01
"862434",2020-05-21 21:53:00,0.02
"862494",2020-05-21 22:53:00,0.33
"862554",2020-05-21 23:53:00,1e-04
"862614",2020-05-22 00:53:00,1e-04
"862674",2020-05-22 01:53:00,0.08
"863814",2020-05-22 20:53:00,1e-04
"870594",2020-05-27 13:53:00,1e-04
"870834",2020-05-27 17:53:00,0.16
"870894",2020-05-27 18:53:00,1e-04
"870954",2020-05-27 19:53:00,1e-04
"871074",2020-05-27 21:53:00,0.03
"871134",2020-05-27 22:53:00,1e-04
"871254",2020-05-28 00:53:00,1e-04
"871314",2020-05-28 01:53:00,1e-04
"871374",2020-05-28 02:53:00,0.02
"871434",2020-05-28 03:53:00,0.03
"871494",2020-05-28 04:53:00,0.04
"871554",2020-05-28 05:53:00,0.01
"871614",2020-05-28 06:53:00,0.08
"871674",2020-05-28 07:53:00,0.02
"871734",2020-05-28 08:53:00,0.13
"871794",2020-05-28 09:53:00,0.13
"871854",2020-05-28 10:53:00,1e-04
"872034",2020-05-28 13:53:00,0.04
"873114",2020-05-29 07:53:00,1e-04
"873174",2020-05-29 08:53:00,0.2
"873234",2020-05-29 09:53:00,0.05
"873294",2020-05-29 10:53:00,0.02
"873354",2020-05-29 11:53:00,0.01
"873414",2020-05-29 12:53:00,1e-04
"873474",2020-05-29 13:53:00,0.02
"873654",2020-05-29 16:53:00,0.01
"873714",2020-05-29 17:53:00,0.09
"873774",2020-05-29 18:53:00,0.01
"873894",2020-05-29 20:53:00,1e-04
"873954",2020-05-29 21:53:00,1e-04
"883494",2020-06-05 12:53:00,0.04
"883554",2020-06-05 13:53:00,0.04
"883674",2020-06-05 15:53:00,1e-04
"890814",2020-06-10 14:53:00,1e-04
"891594",2020-06-11 03:53:00,1e-04
"892134",2020-06-11 12:53:00,1e-04
"892194",2020-06-11 13:53:00,0.45
"892254",2020-06-11 14:53:00,0.09
"892314",2020-06-11 15:53:00,0.06
"892374",2020-06-11 16:53:00,1e-04
"892794",2020-06-11 23:53:00,0.03
"892914",2020-06-12 01:53:00,1e-04
"893034",2020-06-12 03:53:00,0.01
"896694",2020-06-14 16:53:00,1e-04
"896754",2020-06-14 17:53:00,1e-04
"896814",2020-06-14 18:53:00,1e-04
"896934",2020-06-14 20:53:00,1e-04
"897594",2020-06-15 07:53:00,0.1
"897654",2020-06-15 08:53:00,0.05
"897714",2020-06-15 09:53:00,0.03
"897774",2020-06-15 10:53:00,0.08
"897834",2020-06-15 11:53:00,0.26
"897894",2020-06-15 12:53:00,0.1
"897954",2020-06-15 13:53:00,0.07
"898014",2020-06-15 14:53:00,0.05
"898074",2020-06-15 15:53:00,0.05
"898134",2020-06-15 16:53:00,0.05
"898194",2020-06-15 17:53:00,0.01
"898254",2020-06-15 18:53:00,0.01
"898434",2020-06-15 21:53:00,1e-04
"898494",2020-06-15 22:53:00,0.05
"898554",2020-06-15 23:53:00,0.02
"898614",2020-06-16 00:53:00,0.01
"898794",2020-06-16 03:53:00,1e-04
"898854",2020-06-16 04:53:00,0.04
"898914",2020-06-16 05:53:00,0.08
"898974",2020-06-16 06:53:00,0.15
"899034",2020-06-16 07:53:00,0.07
"899094",2020-06-16 08:53:00,1e-04
"899214",2020-06-16 10:53:00,1e-04
"899334",2020-06-16 12:53:00,1e-04
"899394",2020-06-16 13:53:00,1e-04
"899574",2020-06-16 16:53:00,0.01
"899634",2020-06-16 17:53:00,1e-04
"899694",2020-06-16 18:53:00,0.11
"899754",2020-06-16 19:53:00,0.14
"899814",2020-06-16 20:53:00,0.26
"899874",2020-06-16 21:53:00,0.48
"899934",2020-06-16 22:53:00,0.65
"899994",2020-06-16 23:53:00,0.55
"900054",2020-06-17 00:53:00,0.19
"900114",2020-06-17 01:53:00,0.27
"900174",2020-06-17 02:53:00,0.08
"900233",2020-06-17 03:52:00,0.16
"900294",2020-06-17 04:53:00,0.23
"900354",2020-06-17 05:53:00,0.11
"900414",2020-06-17 06:53:00,0.02
"900474",2020-06-17 07:53:00,0.01
"900534",2020-06-17 08:53:00,0.01
"900594",2020-06-17 09:53:00,1e-04
"903594",2020-06-19 11:53:00,0.07
"903714",2020-06-19 13:53:00,0.41
"903774",2020-06-19 14:53:00,1e-04
"903834",2020-06-19 15:53:00,0.2
"904134",2020-06-19 20:53:00,0.08
"904194",2020-06-19 21:53:00,0.05
"904254",2020-06-19 22:53:00,0.01
"904314",2020-06-19 23:53:00,1e-04
"904554",2020-06-20 03:53:00,1e-04
"905514",2020-06-20 19:53:00,0.15
"905574",2020-06-20 20:53:00,0.05
"905634",2020-06-20 21:53:00,0.01
"912114",2020-06-25 09:53:00,1e-04
"917454",2020-06-29 02:53:00,1e-04
"917514",2020-06-29 03:53:00,1e-04
"919914",2020-06-30 19:53:00,1e-04
"921474",2020-07-01 21:53:00,0.28
"929694",2020-07-07 14:53:00,0.09
"929754",2020-07-07 15:53:00,1e-04
"931074",2020-07-08 13:53:00,0.01
"931134",2020-07-08 14:53:00,0.05
"931194",2020-07-08 15:53:00,1e-04
"931254",2020-07-08 16:53:00,1e-04
"931314",2020-07-08 17:53:00,0.01
"932754",2020-07-09 17:53:00,1e-04
"932814",2020-07-09 18:53:00,0.06
"932874",2020-07-09 19:53:00,1e-04
"934554",2020-07-10 23:53:00,0.05
"934614",2020-07-11 00:53:00,0.05
"934674",2020-07-11 01:53:00,1e-04
"934734",2020-07-11 02:53:00,0.01
"937734",2020-07-13 04:53:00,0.46
"937794",2020-07-13 05:53:00,0.05
"938574",2020-07-13 18:53:00,0.01
"944394",2020-07-17 19:53:00,0.02
"944454",2020-07-17 20:53:00,0.02
"944514",2020-07-17 21:53:00,1e-04
"945594",2020-07-18 15:53:00,0.01
"952734",2020-07-23 14:53:00,0.07
"952794",2020-07-23 15:53:00,1e-04
"952854",2020-07-23 16:53:00,0.01
"952974",2020-07-23 18:53:00,0.25
"953034",2020-07-23 19:53:00,0.47
"953094",2020-07-23 20:53:00,1e-04
"953154",2020-07-23 21:53:00,0.01
"953214",2020-07-23 22:53:00,1e-04
"953274",2020-07-23 23:53:00,0.01
"953394",2020-07-24 01:53:00,1e-04
"954054",2020-07-24 12:53:00,1e-04
"959994",2020-07-28 15:53:00,1e-04
"960114",2020-07-28 17:53:00,0.23
"960174",2020-07-28 18:53:00,0.06
"960234",2020-07-28 19:53:00,0.06
"960294",2020-07-28 20:53:00,0.06
"960354",2020-07-28 21:53:00,0.03
"964794",2020-07-31 23:53:00,0.2
"964854",2020-08-01 00:53:00,0.17
"964914",2020-08-01 01:53:00,1e-04
"965814",2020-08-01 16:53:00,1e-04
"965874",2020-08-01 17:53:00,1e-04
"965934",2020-08-01 18:53:00,1e-04
"967374",2020-08-02 18:53:00,0.01
"968274",2020-08-03 09:53:00,0.06
"968334",2020-08-03 10:53:00,0.21
"968394",2020-08-03 11:53:00,1e-04
"968634",2020-08-03 15:53:00,1e-04
"968694",2020-08-03 16:53:00,0.14
"968754",2020-08-03 17:53:00,0.05
"968874",2020-08-03 19:53:00,1e-04
"968934",2020-08-03 20:53:00,0.03
"968994",2020-08-03 21:53:00,0.05
"969054",2020-08-03 22:53:00,0.19
"969114",2020-08-03 23:53:00,0.53
"969174",2020-08-04 00:53:00,0.14
"969234",2020-08-04 01:53:00,0.27
"969294",2020-08-04 02:53:00,0.6
"969354",2020-08-04 03:53:00,0.12
"969414",2020-08-04 04:53:00,0.02
"969474",2020-08-04 05:53:00,1e-04
"969534",2020-08-04 06:53:00,1e-04
"972954",2020-08-06 15:53:00,0.58
"973014",2020-08-06 16:53:00,0.25
"973074",2020-08-06 17:53:00,0.04
"974394",2020-08-07 15:53:00,1e-04
"976074",2020-08-08 19:53:00,1e-04
"976134",2020-08-08 20:53:00,0.02
"976194",2020-08-08 21:53:00,0.02
"977394",2020-08-09 17:53:00,0.02
"978354",2020-08-10 09:53:00,1e-04
"978714",2020-08-10 15:53:00,0.83
"978774",2020-08-10 16:53:00,0.14
"978834",2020-08-10 17:53:00,0.02
"978894",2020-08-10 18:53:00,1e-04
"980214",2020-08-11 16:53:00,1e-04
"983094",2020-08-13 16:53:00,0.01
"983154",2020-08-13 17:53:00,1e-04
"984594",2020-08-14 17:53:00,0.25
"984654",2020-08-14 18:53:00,0.5
"984714",2020-08-14 19:53:00,0.02
"984774",2020-08-14 20:53:00,0.01
"984834",2020-08-14 21:53:00,0.04
"984893",2020-08-14 22:52:00,1.06
"984954",2020-08-14 23:53:00,0.02
"985134",2020-08-15 02:53:00,1e-04
"985194",2020-08-15 03:53:00,0.01
"985254",2020-08-15 04:53:00,1e-04
"985374",2020-08-15 06:53:00,0.02
"985794",2020-08-15 13:53:00,0.04
"985854",2020-08-15 14:53:00,0.06
"985914",2020-08-15 15:53:00,0.01
"986094",2020-08-15 18:53:00,1e-04
"986154",2020-08-15 19:53:00,0.09
"986214",2020-08-15 20:53:00,0.18
"986274",2020-08-15 21:53:00,0.15
"986334",2020-08-15 22:53:00,0.01
"986694",2020-08-16 04:53:00,1e-04
"987414",2020-08-16 16:53:00,1e-04
"987474",2020-08-16 17:53:00,1e-04
"989034",2020-08-17 19:53:00,1e-04
"989094",2020-08-17 20:53:00,1e-04
"994734",2020-08-21 18:53:00,0.13
"994794",2020-08-21 19:53:00,0.43
"994854",2020-08-21 20:53:00,0.06
"994914",2020-08-21 21:53:00,0.02
"994974",2020-08-21 22:53:00,0.09
"995034",2020-08-21 23:53:00,0.01
"995094",2020-08-22 00:53:00,1e-04
"998334",2020-08-24 06:53:00,1e-04
"998394",2020-08-24 07:53:00,1e-04
"1005714",2020-08-29 09:53:00,1e-04
"1005774",2020-08-29 10:53:00,1e-04
"1005954",2020-08-29 13:53:00,0.05
"1006014",2020-08-29 14:53:00,0.02
"1009134",2020-08-31 18:53:00,1e-04
"1009194",2020-08-31 19:53:00,1e-04
"1009254",2020-08-31 20:53:00,1e-04
"1009314",2020-08-31 21:53:00,1e-04
"1009374",2020-08-31 22:53:00,0.06
"1009434",2020-08-31 23:53:00,0.07
"1009494",2020-09-01 00:53:00,0.1
"1009554",2020-09-01 01:53:00,0.05
"1009854",2020-09-01 06:53:00,1e-04
"1020414",2020-09-08 14:53:00,0.17
"1020474",2020-09-08 15:53:00,0.22
"1020534",2020-09-08 16:53:00,0.03
"1021614",2020-09-09 10:53:00,0.01
"1021674",2020-09-09 11:53:00,0.01
"1021734",2020-09-09 12:53:00,1e-04
"1021794",2020-09-09 13:53:00,0.02
"1021854",2020-09-09 14:53:00,0.01
"1021914",2020-09-09 15:53:00,1e-04
"1021974",2020-09-09 16:53:00,0.08
"1022034",2020-09-09 17:53:00,0.09
"1022094",2020-09-09 18:53:00,0.04
"1022154",2020-09-09 19:53:00,0.09
"1022214",2020-09-09 20:53:00,0.01
"1023594",2020-09-10 19:53:00,0.79
"1023654",2020-09-10 20:53:00,0.05
"1023714",2020-09-10 21:53:00,1e-04
"1024974",2020-09-11 18:53:00,0.03
"1025214",2020-09-11 22:53:00,1e-04
"1025754",2020-09-12 07:53:00,0.02
"1025814",2020-09-12 08:53:00,1e-04
"1032114",2020-09-16 17:53:00,0.12
"1032294",2020-09-16 20:53:00,0.01
"1032414",2020-09-16 22:53:00,1e-04
"1032474",2020-09-16 23:53:00,0.04
"1032594",2020-09-17 01:53:00,0.01
"1032654",2020-09-17 02:53:00,0.21
"1032714",2020-09-17 03:53:00,0.01
"1032894",2020-09-17 06:53:00,1e-04
"1032954",2020-09-17 07:53:00,0.01
"1033014",2020-09-17 08:53:00,0.01
"1033074",2020-09-17 09:53:00,0.05
"1033134",2020-09-17 10:53:00,0.04
"1033194",2020-09-17 11:53:00,0.03
"1033254",2020-09-17 12:53:00,0.09
"1033314",2020-09-17 13:53:00,0.07
"1033374",2020-09-17 14:53:00,0.45
"1033434",2020-09-17 15:53:00,0.24
"1033494",2020-09-17 16:53:00,0.17
"1033554",2020-09-17 17:53:00,0.1
"1033614",2020-09-17 18:53:00,0.05
"1033674",2020-09-17 19:53:00,0.22
"1033734",2020-09-17 20:53:00,1e-04
"1033854",2020-09-17 22:53:00,1e-04
"1033914",2020-09-17 23:53:00,0.01
"1033974",2020-09-18 00:53:00,0.06
"1034034",2020-09-18 01:53:00,0.1
"1034094",2020-09-18 02:53:00,0.01
"1034154",2020-09-18 03:53:00,0.01
"1034214",2020-09-18 04:53:00,0.08
"1034274",2020-09-18 05:53:00,0.09
"1034334",2020-09-18 06:53:00,0.04
"1034454",2020-09-18 08:53:00,0.02
"1034514",2020-09-18 09:53:00,0.02
"1034574",2020-09-18 10:53:00,1e-04
"1042854",2020-09-24 04:53:00,0.01
"1043394",2020-09-24 13:53:00,1e-04
"1043694",2020-09-24 18:53:00,1e-04
"1043754",2020-09-24 19:53:00,1e-04
"1043814",2020-09-24 20:53:00,0.02
"1043874",2020-09-24 21:53:00,1e-04
"1044234",2020-09-25 03:53:00,1e-04
"1044294",2020-09-25 04:53:00,0.01
"1044354",2020-09-25 05:53:00,0.01
"1044414",2020-09-25 06:53:00,0.03
"1044474",2020-09-25 07:53:00,0.02
"1044534",2020-09-25 08:53:00,0.03
"1044594",2020-09-25 09:53:00,0.05
"1044654",2020-09-25 10:53:00,0.02
"1044714",2020-09-25 11:53:00,0.08
"1044774",2020-09-25 12:53:00,0.16
"1044834",2020-09-25 13:53:00,0.21
"1044894",2020-09-25 14:53:00,0.01
"1044954",2020-09-25 15:53:00,1e-04
"1045014",2020-09-25 16:53:00,1e-04
"1045134",2020-09-25 18:53:00,0.15
"1045614",2020-09-26 02:53:00,1e-04
"1045674",2020-09-26 03:53:00,0.02
"1045734",2020-09-26 04:53:00,1e-04
"1048254",2020-09-27 22:53:00,1e-04
"1048314",2020-09-27 23:53:00,0.01
"1048374",2020-09-28 00:53:00,0.02
"1048434",2020-09-28 01:53:00,1e-04
"1050534",2020-09-29 12:53:00,0.25
"1050714",2020-09-29 15:53:00,0.02
"1050774",2020-09-29 16:53:00,0.54
"1050834",2020-09-29 17:53:00,1e-04
"1050894",2020-09-29 18:53:00,0.03
"1050954",2020-09-29 19:53:00,0.26
"1051014",2020-09-29 20:53:00,1.13
"1051074",2020-09-29 21:53:00,0.28
"1051134",2020-09-29 22:53:00,0.03
"1051194",2020-09-29 23:53:00,0.04
"1051254",2020-09-30 00:53:00,0.01
"1051314",2020-09-30 01:53:00,0.01
"1065894",2020-10-10 04:53:00,0.02
"1065954",2020-10-10 05:53:00,0.01
"1066014",2020-10-10 06:53:00,0.01
"1066074",2020-10-10 07:53:00,0.06
"1066134",2020-10-10 08:53:00,0.03
"1066194",2020-10-10 09:53:00,1e-04
"1066254",2020-10-10 10:53:00,0.01
"1066794",2020-10-10 19:53:00,1e-04
"1066854",2020-10-10 20:53:00,0.02
"1066914",2020-10-10 21:53:00,0.03
"1066974",2020-10-10 22:53:00,0.03
"1067034",2020-10-10 23:53:00,0.03
"1067094",2020-10-11 00:53:00,0.07
"1067154",2020-10-11 01:53:00,0.01
"1067394",2020-10-11 05:53:00,1e-04
"1067454",2020-10-11 06:53:00,0.03
"1067514",2020-10-11 07:53:00,0.01
"1067574",2020-10-11 08:53:00,1e-04
"1067634",2020-10-11 09:53:00,0.01
"1067694",2020-10-11 10:53:00,1e-04
"1067754",2020-10-11 11:53:00,0.05
"1067814",2020-10-11 12:53:00,0.2
"1067874",2020-10-11 13:53:00,0.03
"1068114",2020-10-11 17:53:00,0.02
"1068174",2020-10-11 18:53:00,1e-04
"1068474",2020-10-11 23:53:00,0.01
"1068594",2020-10-12 01:53:00,1e-04
"1074414",2020-10-16 02:53:00,1e-04
"1074474",2020-10-16 03:53:00,1e-04
"1074534",2020-10-16 04:53:00,0.01
"1074594",2020-10-16 05:53:00,0.12
"1074654",2020-10-16 06:53:00,0.06
"1074714",2020-10-16 07:53:00,0.02
"1074774",2020-10-16 08:53:00,0.1
"1074833",2020-10-16 09:52:00,0.07
"1074894",2020-10-16 10:53:00,0.08
"1074954",2020-10-16 11:53:00,0.07
"1075014",2020-10-16 12:53:00,0.09
"1087674",2020-10-25 07:53:00,1e-04
"1087734",2020-10-25 08:53:00,0.02
"1087794",2020-10-25 09:53:00,0.12
"1087854",2020-10-25 10:53:00,0.01
"1087914",2020-10-25 11:53:00,0.01
"1087974",2020-10-25 12:53:00,0.12
"1088034",2020-10-25 13:53:00,0.07
"1088094",2020-10-25 14:53:00,0.02
"1088154",2020-10-25 15:53:00,1e-04
"1088214",2020-10-25 16:53:00,1e-04
"1088274",2020-10-25 17:53:00,0.05
"1088334",2020-10-25 18:53:00,0.01
"1088454",2020-10-25 20:53:00,1e-04
"1088514",2020-10-25 21:53:00,0.01
"1088574",2020-10-25 22:53:00,0.01
"1088634",2020-10-25 23:53:00,1e-04
"1092294",2020-10-28 12:53:00,1e-04
"1093734",2020-10-29 12:53:00,0.01
"1094514",2020-10-30 01:53:00,0.27
"1094574",2020-10-30 02:53:00,0.22
"1094634",2020-10-30 03:53:00,0.01
"1097754",2020-11-01 07:53:00,1e-04
"1097934",2020-11-01 10:53:00,0.01
"1097994",2020-11-01 11:53:00,0.61
"1098054",2020-11-01 12:53:00,1e-04
"1111554",2020-11-10 21:53:00,1e-04
"1112514",2020-11-11 13:53:00,0.02
"1112574",2020-11-11 14:53:00,0.19
"1112634",2020-11-11 15:53:00,0.42
"1112814",2020-11-11 18:53:00,0.7
"1112874",2020-11-11 19:53:00,0.02
"1112934",2020-11-11 20:53:00,0.1
"1112994",2020-11-11 21:53:00,0.04
"1113054",2020-11-11 22:53:00,0.26
"1113114",2020-11-11 23:53:00,0.55
"1113174",2020-11-12 00:53:00,0.12
"1113234",2020-11-12 01:53:00,0.08
"1113294",2020-11-12 02:53:00,0.16
"1113354",2020-11-12 03:53:00,0.09
"1113414",2020-11-12 04:53:00,0.12
"1113474",2020-11-12 05:53:00,0.31
"1113534",2020-11-12 06:53:00,0.1
"1113594",2020-11-12 07:53:00,0.26
"1113654",2020-11-12 08:53:00,0.24
"1113709",2020-11-12 09:48:00,0.58
"1113774",2020-11-12 10:53:00,0.49
"1113834",2020-11-12 11:53:00,0.33
"1113894",2020-11-12 12:53:00,0.23
"1113954",2020-11-12 13:53:00,0.29
"1114014",2020-11-12 14:53:00,0.25
"1114074",2020-11-12 15:53:00,0.15
"1114134",2020-11-12 16:53:00,0.01
"1114194",2020-11-12 17:53:00,1e-04
"1114434",2020-11-12 21:53:00,0.01
"1114494",2020-11-12 22:53:00,0.01
"1114614",2020-11-13 00:53:00,1e-04
"1114674",2020-11-13 01:53:00,0.01
"1114914",2020-11-13 05:53:00,1e-04
"1114974",2020-11-13 06:53:00,0.01
"1122234",2020-11-18 07:53:00,1e-04
"1129134",2020-11-23 02:53:00,1e-04
"1133334",2020-11-26 00:53:00,0.11
"1133394",2020-11-26 01:53:00,1e-04
"1133514",2020-11-26 03:53:00,0.01
"1133574",2020-11-26 04:53:00,1e-04
"1133634",2020-11-26 05:53:00,1e-04
"1133694",2020-11-26 06:53:00,1e-04
"1133754",2020-11-26 07:53:00,0.01
"1136694",2020-11-28 08:53:00,0.01
"1138854",2020-11-29 20:53:00,1e-04
"1138914",2020-11-29 21:53:00,0.06
"1138974",2020-11-29 22:53:00,0.03
"1139034",2020-11-29 23:53:00,0.03
"1139094",2020-11-30 00:53:00,0.14
"1139154",2020-11-30 01:53:00,0.09
"1139214",2020-11-30 02:53:00,0.33
"1139274",2020-11-30 03:53:00,0.32
"1139334",2020-11-30 04:53:00,0.01
"1139394",2020-11-30 05:53:00,0.01
"1139454",2020-11-30 06:53:00,0.02
"1139514",2020-11-30 07:53:00,0.01
"1139574",2020-11-30 08:53:00,1e-04
"1139634",2020-11-30 09:53:00,1e-04
"1139874",2020-11-30 13:53:00,0.02
